design_code,page_no
5847 SL,7
5891 SL,8
5845 SL,8
5846 SL,9
3852 SL,10
3853 SL,10
5848 SL,11
5837 SL,12
5836 SL,13
3836 SL,13
5881 SL,14
3245 SO,15
163 SO,16
172 SO,16
153 SO,16
111 SO,16
3846 SO,16
293 SO,16
3961 SO,16
224 SO,16
3142 GC,19
3284 GC,20
3285 GC,20
111 GC,20
3238 GC,20
168 GC,20
131 GC,20
293 GC,20
3171 GC,20
3142 RA,21
3245 RA,22
3246 RA,22
153 RA,22
158 RA,22
3238 RA,22
293 RA,22
161 RA,22
168 RA,22
3853 LV,23
3854 LV,23
3852 LV,23
94846 LV,23
3246 LV,24
3245 LV,24
152 LV,24
111 LV,24
293 LV,24
168 LV,24
4517 LV,24
4516 LV,24
2593 NP,25
2592 NP,26
2594 NP,26
2595 NP,26
2591 NP,26
2416 NP,26
2417 NP,26
2388 NP,26
2386 NP,26
3142 LU,29
152 LU,30
153 LU,30
3246 LU,30
3245 LU,30
255 LU,30
3252 LU,30
131 LU,30
3238 LU,30
3171 LU,31
168 LU,31
3285 LU,31
3284 LU,31
3282 LU,31
3272 LU,31
269 LU,31
263 LU,31
5845 LU,32
5891 LU,32
5836 LU,32
5837 LU,32
5848 LU,32
5846 LU,32
5847 LU,32
5881 LU,32
3922 LU,33
4913 LU,33
3917 LU,33
3918 LU,33
3928 LU,33
4911 LU,33
3919 LU,33
4912 LU,33
4942 LU,34
3963 LU,34
4941 LU,34
4943 LU,34
3929 LU,34
3961 LU,34
3962 LU,34
3921 LU,34
3965 LU,35
3964 LU,35
5931 LU,35
3966 LU,35
5932 LU,35
704 LU,35
787 LU,35
788 LU,35
639 LU,36
462 LU,36
774 LU,36
5933 LU,36
689 LU,36
464 LU,36
541 LU,36
4389 LU,36
241 LU,37
259 LU,37
3244 LU,37
249 LU,37
151 LU,38
90155 LU,38
194 LU,38
181 LU,38
159 LU,38
261 LU,38
267 LU,38
266 LU,38
3271 LU,39
275 LU,39
288 LU,39
206 LU,39
212 LU,39
174 LU,39
171 LU,39
163 LU,39
109 LU,40
158 LU,40
107 LU,40
225 LU,40
108 LU,40
238 LU,40
127 LU,40
293 LU,40
168 AFP,44
3282 AFP,44
266 AFP,44
153 AFP,44
152 AFP,44
3245 AFP,44
224 AFP,44
3246 AFP,44
111 AFP,45
127 AFP,45
158 AFP,45
171 AFP,45
293 AFP,45
238 AFP,45
109 AFP,45
3244 AFP,45
226 AFP,45
181 AFP,45
3233 AFP,45
497 AFP,46
4517 AFP,46
3531 AFP,46
3688 AFP,46
444 AFP,46
689 AFP,46
3846 AFP,46
3895 AFP,46
1540 MI,50
1538 MI,50
1543 MI,51
1544 MI,51
1550 MI,51
1549 MI,51
1539 MI,52
1555 MI,52
1546 MI,52
1545 MI,52
1533 MI,53
1534 MI,53
1547 MI,53
1548 MI,53
1553 MI,54
1554 MI,54
1560 MI,54
1562 MI,54
4664 EO,57
656 EO,57
419 EO,57
3531 EO,57
609 EO,57
859 CR,58
3408 CR,58
449 CR,58
456 CR,58
3592 CR,58
3419 VO,59
3418 VO,59
3376 VO,59
4427 VO,59
3741 VO,59
3742 VO,59
111 VO,59
163 UL,60
171 UL,60
158 UL,60
224 UL,60
111 UL,60
293 UL,60
913 AL,61
3928 AL,61
3922 AL,61
111 AL,61
3929 AL,61
5413 PK,62
5391 PK,62
424 PK,62
111 PK,62
962 LO,63
964 LO,63
961 LO,63
963 LO,63
111 LO,63
293 LO,63
1001 BR,63
3899 LN,64
3897 LN,64
4856 LN,64
4858 LN,64
4526 KM,65
4664 KM,65
4506 KM,66
4505 KM,66
4519 KM,66
421 KM,66
4517 KM,66
4516 KM,66
3531 KM,66
444 KM,66
689 NH,67
394 NH,67
3788 NH,67
94671 NH,67
93415 NH,67
424 N,68
111 N,68
541 N,68
4527 N,68
712 N,68
926 IP,69
927 IP,69
961 IP,69
963 IP,69
4526 WK,70
456 WK,70
541 WK,70
111 WK,70
5828 TS,71
5829 TS,71
973 TS,71
4856 TS,71
4858 TS,71
4857 TS,71
111 TS,71
859 TS,71
961 TS,72
964 TS,72
962 TS,72
963 TS,72
5835 HG,73
5839 HG,73
5838 HG,73
3925 HG,74
3926 HG,74
3854 HG,74
3852 HG,74
3853 HG,74
904 HG,74
3846 HG,74
3895 HG,74
4868 HG,75
4867 HG,75
4869 HG,75
449 HG,75
456 HG,75
4526 HG,75
3418 HG,75
424 HG,75
3408 HG,76
4659 HG,76
234 HG,76
157 HG,76
172 HG,76
3233 HG,76
111 HG,76
3241 HG,76
3252 SI,79
255 SI,79
3238 SI,80
3142 SI,80
3285 SI,80
3284 SI,80
131 SI,80
3171 SI,80
269 SI,80
263 SI,80
153 SI,81
152 SI,81
3246 SI,81
3245 SI,81
3282 SI,81
3272 SI,81
168 SI,81
127 SI,81
225 SI,82
3244 SI,82
107 SI,82
238 SI,82
108 SI,82
3271 SI,82
293 SI,82
109 SI,82
4942 SI,83
4943 SI,84
4941 SI,84
3846 SI,84
3895 SI,84
3853 SI,84
3852 SI,84
3854 SI,84
94846 SI,84
3965 SI,85
3964 SI,85
3966 SI,86
3688 SI,86
3531 SI,86
93415 SI,86
4501 SI,86
3739 SU,89
3737 SU,89
3738 SU,89
4877 SU,90
4876 SU,90
4878 SU,90
4395 SU,91
4394 SU,91
927 SU,91
926 SU,91
961 SU,92
963 SU,92
962 SU,92
964 SU,92
5389 SU,95
5741 SU,95
5414 SU,96
5391 SU,96
5413 SU,96
5393 SU,96
5392 SU,96
5412 SU,96
4488 SU,96
5388 SU,96
727 SU,97
729 SU,97
687 SU,97
686 SU,97
714 SU,97
689 SU,97
449 SU,98
456 SU,98
444 SU,98
3454 SU,98
462 SU,98
464 SU,98
3459 SU,98
446 SU,98
709 SU,99
708 SU,99
706 SU,99
3707 SU,99
3741 SU,99
3742 SU,99
3362 SU,99
3788 SU,100
4789 SU,100
3789 SU,100
787 SU,100
494 SU,100
3408 SU,100
3955 SU,100
3953 SU,100
489 SU,101
90695 SU,101
4537 SU,101
4538 SU,101
4531 SU,101
4532 SU,101
3486 SU,101
3485 SU,101
531 SU,102
3531 SU,102
3484 SU,102
738 SU,102
3592 SU,103
606 SU,104
607 SU,104
4594 SU,104
608 SU,104
3591 SU,104
3594 SU,104
609 SU,104
4599 SU,104
93414 SU,105
93415 SU,105
4501 SU,105
4502 SU,105
4405 SU,105
4518 SU,105
4513 SU,105
4515 SU,105
4406 SU,106
4526 SU,106
4524 SU,106
4525 SU,106
4521 SU,106
4523 SU,106
4505 SU,106
4506 SU,106
3416 SU,107
3417 SU,107
3419 SU,107
3418 SU,107
4519 SU,107
3425 SU,107
4426 SU,107
3957 SU,107
951 SU,108
424 SU,108
4427 SU,108
421 SU,108
419 SU,108
429 SU,108
657 SU,108
656 SU,108
303 SU,109
704 SU,110
3947 SU,110
554 SU,110
555 SU,110
311 SU,110
321 SU,110
3512 SU,110
3513 SU,110
3678 SU,111
3677 SU,111
3676 SU,111
4393 SU,111
4392 SU,111
94671 SU,112
394 SU,112
4935 SU,112
4936 SU,112
4682 SU,112
4683 SU,112
3663 SU,113
3665 SU,113
4657 SU,113
4658 SU,113
4396 SU,113
4397 SU,113
3744 SU,113
3743 SU,113
4398 SU,114
93668 SU,114
4664 SU,114
94668 SU,114
3674 SU,114
3649 SU,114
3397 SU,114
4659 SU,114
3375 SU,115
3376 SU,115
466 SU,115
403 SU,115
541 SU,115
3752 SU,116
94747 SU,116
4517 SU,116
4516 SU,116
966 SU,116
967 SU,116
712 SU,116
468 SU,116
525 SU,117
3342 SU,117
3343 SU,117
357 SU,117
3341 SU,117
4952 SU,118
4953 SU,118
4791 SU,118
3795 SU,118
791 SU,118
973 SU,119
4855 SU,119
4854 SU,119
4861 SU,119
859 SU,119
3898 SU,119
3899 SU,119
5827 SU,120
5826 SU,120
5828 SU,120
5829 SU,120
4856 SU,120
4858 SU,120
3897 SU,120
4857 SU,120
101 MG,121
281 SU,121
101 CB,121
194 GL,122
111 GL,122
146 SU,125
152 SU,125
3238 SU,125
153 SU,125
3245 SU,125
3246 SU,125
3284 SU,125
224 SU,125
263 SU,126
269 SU,126
131 SU,126
168 SU,126
161 SU,126
255 SU,126
288 SU,126
276 SU,126
151 SU,127
90196 SU,127
90155 SU,127
159 SU,127
3142 SU,127
181 SU,127
261 SU,127
266 SU,127
267 SU,127
265 SU,127
209 SU,127
206 SU,127
208 SU,127
212 SU,127
217 SU,127
243 SU,127
241 SU,127
3241 SU,127
254 SU,127
3252 SU,127
3244 SU,127
259 SU,127
245 SU,127
257 SU,127
247 SU,127
249 SU,127
274 SU,127
275 SU,127
3282 SU,127
287 SU,127
3272 SU,127
3281 SU,127
3271 SU,127
281 SU,127
3285 SU,127
163 SU,128
164 SU,128
178 SU,128
171 SU,128
3171 SU,128
172 SU,128
174 SU,128
177 SU,128
101 SU,128
107 SU,128
109 SU,128
108 SU,128
111 SU,128
125 SU,128
121 SU,128
127 SU,128
157 SU,128
158 SU,128
228 SU,128
221 SU,128
227 SU,128
225 SU,128
231 SU,128
226 SU,128
234 SU,128
238 SU,128
236 SU,128
3233 SU,128
293 SU,128
101 MT,128
108 MT,128
111 MT,128