"id","stateid","name","status","created_at","updated_at"
"1","6","Delhi","1","2016-02-05 00:00:00","2016-02-05 00:00:00"
"2","18","Kerala","1","2016-02-05 00:00:00","2016-02-05 00:00:00"
"3","32","Lucknow","1","2016-02-05 00:00:00","2016-02-05 00:00:00"
"4","32","Varanasi","1","2016-02-05 00:00:00","2016-02-05 00:00:00"
"5","5","Gurgaon","1","2016-02-05 00:00:00","2016-02-05 00:00:00"
"6","20","Mumbai","1","2016-02-05 00:00:00","2016-02-05 00:00:00"
"7","27","Jaipur","1","2016-02-05 00:00:00","2016-02-05 00:00:00"
"8","10","Patna","1","2016-02-05 00:00:00","2016-02-05 00:00:00"
"9","29","Chennai","1","2016-02-05 00:00:00","2016-02-05 00:00:00"
"10","34","Kolkata","1","2016-02-05 00:00:00","2016-02-05 00:00:00"
"11","20","Nagpur","1","2016-02-05 00:00:00","2016-02-05 00:00:00"
"12","30","Adilabad","1","2016-02-05 00:00:00","2016-02-05 00:00:00"
"13","32","Agra","1","2016-02-05 00:00:00","2016-02-05 00:00:00"
"14","13"," Ahmedabad","1","2016-02-05 00:00:00","2016-02-05 00:00:00"
"15","20","Ahmednagar","1","2016-02-05 00:00:00","2016-02-05 00:00:00"
"16","27","Ajmer","1","2016-02-05 00:00:00","2016-02-05 00:00:00"
"17","20","Akluj","1","2016-02-05 00:00:00","2016-02-05 00:00:00"
"18","17","Bengaluru","1","2016-02-05 00:00:00","2016-02-05 00:00:00"
"19","11","Bastar","2","2016-02-05 00:00:00","2016-02-05 00:00:00"
"20","25","Bhubaneswar","1","2016-02-05 00:00:00","2016-02-05 00:00:00"
"21","17","Bijapur","1","2016-02-05 00:00:00","2016-02-05 00:00:00"
"22","18","Calicut","1","2016-02-05 00:00:00","2016-02-05 00:00:00"
"23","36","Chandigarh","1","2016-02-05 00:00:00","2016-02-05 00:00:00"
"24","29","Coimbatore","1","2016-02-05 00:00:00","2016-02-05 00:00:00"
"25","29","Cuddalore","2","2016-02-05 00:00:00","2022-07-27 12:14:46"
"26","33","Dehradun","1","2016-02-05 00:00:00","2016-02-05 00:00:00"
"27","11","Dhamtari","2","2016-02-05 00:00:00","2016-02-05 00:00:00"
"28","11","Durg","2","2016-02-05 00:00:00","2016-02-05 00:00:00"
"29","18","Ernakulam","1","2016-02-05 00:00:00","2016-02-05 00:00:00"
"30","5","Faridabad","1","2016-02-05 00:00:00","2016-02-05 00:00:00"
"31","32","Ghaziabad","1","2016-02-05 00:00:00","2016-02-05 00:00:00"
"32","9","Guwahati","1","2016-02-05 00:00:00","2016-02-05 00:00:00"
"33","33","Haridwar","1","2016-02-05 00:00:00","2016-02-05 00:00:00"
"34","5","Hisar","1","2016-02-05 00:00:00","2016-02-05 00:00:00"
"35","17","Hubli","1","2016-02-05 00:00:00","2016-02-05 00:00:00"
"36","30","Hyderabad(T)","1","2016-02-05 00:00:00","2016-02-05 00:00:00"
"37","19","Indore","1","2016-02-05 00:00:00","2016-02-05 00:00:00"
"38","26","Jalandhar","1","2016-02-05 00:00:00","2016-02-05 00:00:00"
"39","11","Jangirchampa","2","2016-02-05 00:00:00","2016-02-05 00:00:00"
"40","27","Jodhpur","1","2016-02-05 00:00:00","2016-02-05 00:00:00"
"41","14","Kangra","1","2016-02-05 00:00:00","2016-02-05 00:00:00"
"42","33","Kashipur","1","2016-02-05 00:00:00","2023-04-11 05:49:33"
"43","10","Katihar","1","2016-02-05 00:00:00","2016-02-05 00:00:00"
"44","18","Kochi","1","2016-02-05 00:00:00","2016-02-05 00:00:00"
"45","20","Kolhapur","1","2016-02-05 00:00:00","2016-02-05 00:00:00"
"46","32","Kosikalan","1","2016-02-05 00:00:00","2016-02-05 00:00:00"
"47","27","Kota","1","2016-02-05 00:00:00","2016-02-05 00:00:00"
"48","20","Lathur","1","2016-02-05 00:00:00","2016-02-05 00:00:00"
"49","26","Ludhiana","1","2016-02-05 00:00:00","2021-07-13 12:15:00"
"50","32","Mathura","1","2016-02-05 00:00:00","2016-02-05 00:00:00"
"51","10","Munger","1","2016-02-05 00:00:00","2016-02-05 00:00:00"
"52","10","Muzaffarpur","1","2016-02-05 00:00:00","2016-02-05 00:00:00"
"53","17","Mysore","1","2016-02-05 00:00:00","2016-02-05 00:00:00"
"54","20","Nanded (South)","1","2016-02-05 00:00:00","2016-02-05 00:00:00"
"55","20","Parbhani","1","2016-02-05 00:00:00","2016-02-05 00:00:00"
"56","26","Pathankot","1","2016-02-05 00:00:00","2016-02-05 00:00:00"
"57","40","Pondicherry","1","2016-02-05 00:00:00","2016-02-05 00:00:00"
"58","20","Pune","1","2016-02-05 00:00:00","2016-02-05 00:00:00"
"59","12","Panaji","1","2016-02-05 00:00:00","2016-02-05 00:00:00"
"60","11","Raipur","1","2016-02-05 00:00:00","2016-02-05 00:00:00"
"61","16","Ranchi","1","2016-02-05 00:00:00","2021-07-08 07:53:54"
"62","20","Ratnagiri","1","2016-02-05 00:00:00","2016-02-05 00:00:00"
"63","33","Rishikesh","1","2016-02-05 00:00:00","2016-02-05 00:00:00"
"64","5","Rohtak","1","2016-02-05 00:00:00","2016-02-05 00:00:00"
"65","13","Sabarkanths","2","2016-02-05 00:00:00","2021-07-06 08:19:17"
"66","33","Saharanpur","1","2016-02-05 00:00:00","2016-02-05 00:00:00"
"67","29","Salem","1","2016-02-05 00:00:00","2016-02-05 00:00:00"
"68","20","Sangli","1","2016-02-05 00:00:00","2016-02-05 00:00:00"
"69","20","Satara","1","2016-02-05 00:00:00","2016-02-05 00:00:00"
"70","30","Secunderabad","1","2016-02-05 00:00:00","2016-02-05 00:00:00"
"71","20","Solapur","1","2016-02-05 00:00:00","2016-02-05 00:00:00"
"72","15","Srinagar","1","2016-02-05 00:00:00","2016-02-05 00:00:00"
"73","13","Surat","1","2016-02-05 00:00:00","2016-02-05 00:00:00"
"74","27","Suratgarh","1","2016-02-05 00:00:00","2016-02-05 00:00:00"
"75","11","Surguja","2","2016-02-05 00:00:00","2016-02-05 00:00:00"
"76","18","Trichy","1","2016-02-05 00:00:00","2016-02-05 00:00:00"
"77","31","Tripura West","1","2016-02-05 00:00:00","2016-02-05 00:00:00"
"78","27","Udaipur","1","2016-02-05 00:00:00","2016-02-05 00:00:00"
"79","20","Vasai","1","2016-02-05 00:00:00","2016-02-05 00:00:00"
"80","7","Vijayawada","1","2016-02-05 00:00:00","2016-02-05 00:00:00"
"81","7","Visakhapatanam","1","2016-02-05 00:00:00","2016-02-05 00:00:00"
"82","20","Washim","1","2016-02-05 00:00:00","2016-02-05 00:00:00"
"83","7","West Godavari","2","2016-02-05 00:00:00","2016-02-05 00:00:00"
"84","29","Erode","1","2016-02-05 00:00:00","2016-02-05 00:00:00"
"87","13","Rajkot","1","2016-02-05 00:00:00","2016-02-05 00:00:00"
"88","6","Kotla","1","2016-02-05 00:00:00","2016-02-05 00:00:00"
"89","6","Karkardooma","1","2016-02-05 00:00:00","2016-02-05 00:00:00"
"90","6","Chatterpur","1","2016-02-05 00:00:00","2016-02-05 00:00:00"
"91","6","Okhla","1","2016-02-05 00:00:00","2016-02-05 00:00:00"
"92","20","Nasik","1","2016-02-05 00:00:00","2016-02-05 00:00:00"
"93","19","Bhopal","1","2016-02-05 00:00:00","2016-02-05 00:00:00"
"94","19","Jabalpur","1","2016-02-05 00:00:00","2016-02-05 00:00:00"
"95","20","Pimpri","1","2016-02-05 00:00:00","2016-02-05 00:00:00"
"96","20","Pimpri","1","2016-02-05 00:00:00","2016-02-05 00:00:00"
"97","6","Shadra","1","2016-02-05 00:00:00","2016-02-05 00:00:00"
"98","20","Jalgaon","1","2016-02-05 00:00:00","2016-02-05 00:00:00"
"99","6","Bhogal","1","2016-02-05 00:00:00","2016-02-05 00:00:00"
"100","20","Siwan","1","2016-02-05 00:00:00","2016-02-05 00:00:00"
"101","10","Bhagalpur","1","2016-02-05 00:00:00","2016-02-05 00:00:00"
"102","32","Noida","1","2016-02-05 00:00:00","2016-02-05 00:00:00"
"103","10","Goplalganj","1","2016-02-05 00:00:00","2016-02-05 00:00:00"
"104","33","Rudrapur","1","2016-02-05 00:00:00","2016-02-05 00:00:00"
"105","32","Hapur","1","2016-02-05 00:00:00","2016-02-05 00:00:00"
"106","33","Haldwani","1","2016-02-05 00:00:00","2016-02-05 00:00:00"
"107","32","Meerut","1","2016-02-05 00:00:00","2016-02-05 00:00:00"
"108","41","Nepal","1","2016-02-05 00:00:00","2016-02-05 00:00:00"
"109","20","Amravati","1","2016-02-05 00:00:00","2016-02-05 00:00:00"
"110","20","Akola","1","2016-02-05 00:00:00","2016-02-05 00:00:00"
"111","32","Kanpur","1","2016-02-05 00:00:00","2016-02-05 00:00:00"
"112","32","Allahabad","1","2016-02-05 00:00:00","2016-02-05 00:00:00"
"113","34","Howrah","1","2016-02-05 00:00:00","2016-02-05 00:00:00"
"114","34","Siliguri","1","2016-02-05 00:00:00","2023-04-12 05:58:18"
"115","18","Thiruvananthapuram","1","2016-02-05 00:00:00","2016-02-05 00:00:00"
"116","13","Mehsana","1","2016-02-05 00:00:00","2016-02-05 00:00:00"
"117","13","Palanpur","1","2016-02-05 00:00:00","2016-02-05 00:00:00"
"118","13","Anand","2","2016-02-05 00:00:00","2021-07-06 08:26:30"
"119","17","Mangalore","1","2016-02-05 00:00:00","2016-02-05 00:00:00"
"120","25","BBSR","1","2016-02-05 00:00:00","2016-02-05 00:00:00"
"121","25","Cuttack","1","2016-02-05 00:00:00","2016-02-05 00:00:00"
"122","18","Pullad","1","2016-02-05 00:00:00","2016-02-05 00:00:00"
"123","26","Amritsar","1","2016-02-05 00:00:00","2016-02-05 00:00:00"
"124","26","Patiala","1","2016-02-05 00:00:00","2016-02-05 00:00:00"
"125","26","Batala","1","2016-02-05 00:00:00","2016-02-05 00:00:00"
"126","29","Madurai","1","2016-02-05 00:00:00","2016-02-05 00:00:00"
"127","13","Modasa","1","2016-02-05 00:00:00","2016-02-05 00:00:00"
"128","13","Dahod","2","2016-02-05 00:00:00","2021-07-06 08:22:01"
"129","13","Godhra","2","2016-02-05 00:00:00","2021-07-06 08:22:27"
"130","13","Himatnagar","1","2016-02-05 00:00:00","2016-02-05 00:00:00"
"131","13","Bhavnagar","1","2016-02-05 00:00:00","2021-07-06 11:46:22"
"133","13","Bodeli","2","2016-02-05 00:00:00","2021-07-06 08:24:25"
"134","13","Borsad","2","2016-02-05 00:00:00","2021-07-06 08:24:32"
"135","13","Bayad","2","2016-02-05 00:00:00","2021-07-06 08:24:37"
"136","13","Lunawada","2","2016-02-05 00:00:00","2021-07-06 08:35:38"
"137","13","Halol","2","2016-02-05 00:00:00","2021-07-06 08:36:02"
"138","13","Surendranagar","1","2016-02-05 00:00:00","2016-02-05 00:00:00"
"139","13","Kalol","1","2016-02-05 00:00:00","2016-02-05 00:00:00"
"140","13","Kapadwanj","2","2016-02-05 00:00:00","2021-07-06 08:36:28"
"141","13","Patan","1","2016-02-05 00:00:00","2016-02-05 00:00:00"
"142","1","Sidhpur","1","2016-02-05 00:00:00","2016-02-05 00:00:00"
"143","26","Mansa","1","2016-02-05 00:00:00","2016-02-05 00:00:00"
"144","13","Dehgam","2","2016-02-05 00:00:00","2021-07-06 08:37:13"
"145","13","Bhuj","2","2016-02-05 00:00:00","2021-07-06 08:37:28"
"146","13","Jhalod","2","2016-02-05 00:00:00","2021-07-06 08:37:52"
"147","13","Upleta","1","2016-02-05 00:00:00","2022-05-31 13:01:01"
"148","13","Mahuva","1","2016-02-05 00:00:00","2021-07-06 11:47:34"
"149","13","Gandhidham","2","2016-02-05 00:00:00","2021-07-06 08:38:58"
"150","13","Kadi","1","2016-02-05 00:00:00","2016-02-05 00:00:00"
"151","13","Unjha","2","2016-02-05 00:00:00","2021-07-06 08:40:01"
"153","13","Idar","2","2016-02-05 00:00:00","2021-07-06 08:40:18"
"154","13","Dhrol","2","2016-02-05 00:00:00","2021-07-06 08:40:42"
"155","13","Amreli","1","2016-02-05 00:00:00","2021-07-06 11:45:52"
"156","13","Deesa","1","2016-02-05 00:00:00","2016-02-05 00:00:00"
"157","13","Palitana","1","2016-02-05 00:00:00","2021-07-06 11:49:07"
"158","13","Dhansura","2","2016-02-05 00:00:00","2021-07-06 08:54:50"
"159","13","Visnagar","2","2016-02-05 00:00:00","2021-07-06 08:42:07"
"160","13","Jamnagar","1","2016-02-05 00:00:00","2021-07-06 11:46:45"
"161","13","Dholka","2","2016-02-05 00:00:00","2021-07-06 08:42:24"
"162","13","Padra","2","2016-02-05 00:00:00","2021-07-06 08:42:30"
"163","13","Umreth","2","2016-02-05 00:00:00","2021-07-06 08:44:01"
"164","13","Dhandhuka","2","2016-02-05 00:00:00","2021-07-06 08:44:06"
"165","13","Dhanera","2","2016-02-05 00:00:00","2021-07-06 08:44:11"
"166","13","Harij","2","2016-02-05 00:00:00","2021-07-06 08:44:17"
"167","13","Kathlal","2","2016-02-05 00:00:00","2021-07-06 08:44:24"
"168","13","Dhoraji","2","2016-02-05 00:00:00","2021-07-06 08:44:29"
"169","13","Kanodar","2","2016-02-05 00:00:00","2021-07-06 08:45:53"
"171","13","Dantiwada","2","2016-02-05 00:00:00","2021-07-06 08:45:59"
"172","13","Deodar","1","2016-02-05 00:00:00","2016-02-05 00:00:00"
"173","13","Radhanpur","2","2016-02-05 00:00:00","2021-07-06 08:46:04"
"174","13","Chotaudaipur","2","2016-02-05 00:00:00","2021-07-06 08:46:09"
"175","13","Junagadh","2","2016-02-05 00:00:00","2021-07-06 08:46:15"
"176","13","Morbi","1","2016-02-05 00:00:00","2021-07-06 11:47:39"
"177","13","Kodinar","2","2016-02-05 00:00:00","2021-07-06 08:46:26"
"178","13","keshod","2","2016-02-05 00:00:00","2021-07-06 08:46:31"
"179","13","Botad","2","2016-02-05 00:00:00","2021-07-06 08:46:36"
"180","13","vijapur","2","2016-02-05 00:00:00","2021-07-06 08:46:51"
"181","13","Viramgam","2","2016-02-05 00:00:00","2021-07-06 08:46:57"
"182","13","porbandar","1","2016-02-05 00:00:00","2021-07-06 11:49:13"
"183","13","Veraval","1","2016-02-05 00:00:00","2021-07-06 11:49:18"
"184","13","Rajpipla","2","2016-02-05 00:00:00","2021-07-06 08:47:12"
"185","7","Bhimavaram","1","2016-02-05 00:00:00","2016-02-05 00:00:00"
"186","7","Guntur","1","2016-02-05 00:00:00","2016-02-05 00:00:00"
"187","7","Nellore","1","2016-02-05 00:00:00","2016-02-05 00:00:00"
"188","7","Tirupathi","1","2016-02-05 00:00:00","2016-02-05 00:00:00"
"189","30","Karimnagar","1","2016-02-05 00:00:00","2016-02-05 00:00:00"
"190","7","Srikakulam","1","2016-02-05 00:00:00","2016-02-05 00:00:00"
"200","34","Kharagpur","1","2016-02-05 00:00:00","2016-02-05 00:00:00"
"201","34","Raniganj","1","2016-02-05 00:00:00","2016-02-05 00:00:00"
"203","34","Asansol","1","2016-02-05 00:00:00","2016-02-05 00:00:00"
"210","34","Barakar","1","2016-02-05 00:00:00","2016-02-05 00:00:00"
"211","34","Barasat","1","2016-02-05 00:00:00","2016-02-05 00:00:00"
"216","34","Chakdaha","1","2016-02-05 00:00:00","2023-04-11 05:01:56"
"225","34","Sodepur","1","2016-02-05 00:00:00","2023-04-11 05:05:58"
"231","20","Sinnar","1","2016-02-05 00:00:00","2016-02-05 00:00:00"
"232","20","Sangamner","1","2016-02-05 00:00:00","2016-02-05 00:00:00"
"233","20","Akole","1","2016-02-05 00:00:00","2016-02-05 00:00:00"
"234","20","Shrirampur","1","2016-02-05 00:00:00","2016-02-05 00:00:00"
"235","20","Shrirampur","1","2016-02-05 00:00:00","2016-02-05 00:00:00"
"236","20","Nandgaon","1","2016-02-05 00:00:00","2016-02-05 00:00:00"
"237","20","Kalwan","1","2016-02-05 00:00:00","2016-02-05 00:00:00"
"238","20","Shirdi","1","2016-02-05 00:00:00","2016-02-05 00:00:00"
"239","20","Malegaon","1","2016-02-05 00:00:00","2016-02-05 00:00:00"
"240","20","Yeola","1","2016-02-05 00:00:00","2016-02-05 00:00:00"
"241","20","Lasalgaon","1","2016-02-05 00:00:00","2016-02-05 00:00:00"
"242","20","Chalisgaon","1","2016-02-05 00:00:00","2016-02-05 00:00:00"
"243","20","Dondaicha","1","2016-02-05 00:00:00","2016-02-05 00:00:00"
"244","20","Dhule","1","2016-02-05 00:00:00","2016-02-05 00:00:00"
"245","20","Parola","1","2016-02-05 00:00:00","2016-02-05 00:00:00"
"247","20","Varangaon","1","2016-02-05 00:00:00","2016-02-05 00:00:00"
"248","20","Savda","1","2016-02-05 00:00:00","2016-02-05 00:00:00"
"249","20","Jalna","1","2016-02-05 00:00:00","2016-02-05 00:00:00"
"250","20","Vaijapur","1","2016-02-05 00:00:00","2016-02-05 00:00:00"
"251","20","Aurangabad","1","2016-02-05 00:00:00","2016-02-05 00:00:00"
"252","20","Hingoli","1","2016-02-05 00:00:00","2016-02-05 00:00:00"
"253","20","Nanded","1","2016-02-05 00:00:00","2016-02-05 00:00:00"
"254","20","Bhokar","1","2016-02-05 00:00:00","2016-02-05 00:00:00"
"255","19","Pathri","1","2016-02-05 00:00:00","2016-02-05 00:00:00"
"256","20","Sailu","1","2016-02-05 00:00:00","2016-02-05 00:00:00"
"257","20","Parali","1","2016-02-05 00:00:00","2016-02-05 00:00:00"
"258","20","Parbhani","1","2016-02-05 00:00:00","2016-02-05 00:00:00"
"259","20","Jintur","1","2016-02-05 00:00:00","2016-02-05 00:00:00"
"260","20","Purna","1","2016-02-05 00:00:00","2016-02-05 00:00:00"
"261","20","Jamner","1","2016-02-05 00:00:00","2016-02-05 00:00:00"
"262","10","Arrah","1","2016-02-05 00:00:00","2016-02-05 00:00:00"
"263","10","Aurangabad (Bihar)","1","2016-02-05 00:00:00","2016-02-05 00:00:00"
"264","10","Barbigha","1","2016-02-05 00:00:00","2016-02-05 00:00:00"
"265","10","Begusarai","1","2016-02-05 00:00:00","2016-02-05 00:00:00"
"266","10","Bettiah","1","2016-02-05 00:00:00","2016-02-05 00:00:00"
"267","10","Bhabua","1","2016-02-05 00:00:00","2016-02-05 00:00:00"
"268","10","Bhagalpur","1","2016-02-05 00:00:00","2016-02-05 00:00:00"
"269","10","Biharsharif","1","2016-02-05 00:00:00","2016-02-05 00:00:00"
"270","10","Bihiya","1","2016-02-05 00:00:00","2016-02-05 00:00:00"
"271","10","Buxar","1","2016-02-05 00:00:00","2016-02-05 00:00:00"
"272","10","Chapra","1","2016-02-05 00:00:00","2016-02-05 00:00:00"
"273","10","Darbhanga","1","2016-02-05 00:00:00","2016-02-05 00:00:00"
"274","10","Dehri-on-Sone","1","2016-02-05 00:00:00","2016-02-05 00:00:00"
"275","10","Gaya","1","2016-02-05 00:00:00","2016-02-05 00:00:00"
"276","10","Gopalgunj","1","2016-02-05 00:00:00","2016-02-05 00:00:00"
"277","10","Kahalgaon","1","2016-02-05 00:00:00","2016-02-05 00:00:00"
"278","10","Katihar","1","2016-02-05 00:00:00","2016-02-05 00:00:00"
"279","10","Khagaria","1","2016-02-05 00:00:00","2016-02-05 00:00:00"
"280","10","Lakhisarai","1","2016-02-05 00:00:00","2016-02-05 00:00:00"
"281","10","Madhubani","1","2016-02-05 00:00:00","2016-02-05 00:00:00"
"282","10","Motihari","1","2016-02-05 00:00:00","2016-02-05 00:00:00"
"283","10","Munger","1","2016-02-05 00:00:00","2016-02-05 00:00:00"
"284","10","Muzaffarpur","1","2016-02-05 00:00:00","2016-02-05 00:00:00"
"285","10","Narkatiyagunj","1","2016-02-05 00:00:00","2016-02-05 00:00:00"
"286","10","Nawada","1","2016-02-05 00:00:00","2016-02-05 00:00:00"
"287","10","Patna","2","2016-02-05 00:00:00","2016-02-05 00:00:00"
"288","10","Raxual","1","2016-02-05 00:00:00","2016-02-05 00:00:00"
"289","10","Saharsa","1","2016-02-05 00:00:00","2016-02-05 00:00:00"
"290","10","Samastipur","1","2016-02-05 00:00:00","2016-02-05 00:00:00"
"291","10","Shultangunj","1","2016-02-05 00:00:00","2016-02-05 00:00:00"
"292","10","Sitamarhi","1","2016-02-05 00:00:00","2016-02-05 00:00:00"
"293","10","Siwan","1","2016-02-05 00:00:00","2016-02-05 00:00:00"
"294","20","Tarapur","1","2016-02-05 00:00:00","2016-02-05 00:00:00"
"295","13","Ankleshwar","2","2016-02-05 00:00:00","2021-07-06 08:29:19"
"296","13","Bharuch","2","2016-02-05 00:00:00","2021-07-06 08:30:25"
"297","13","Bardoli","2","2016-02-05 00:00:00","2021-07-06 08:29:59"
"298","13","Navsari","2","2016-02-05 00:00:00","2021-07-06 08:50:52"
"299","13","Valsad","2","2016-02-05 00:00:00","2021-07-06 08:51:00"
"300","13","Baroda","1","2016-02-05 00:00:00","2016-02-05 00:00:00"
"301","13","Billimora","2","2016-02-05 00:00:00","2021-07-06 08:32:53"
"302","13","Sankheda","2","2016-02-05 00:00:00","2021-07-06 08:51:12"
"303","13","Jambusar","2","2016-02-05 00:00:00","2021-07-06 08:51:17"
"304","13","Jahlod","2","2016-02-05 00:00:00","2021-07-06 08:51:23"
"305","13","Vapi","2","2016-02-05 00:00:00","2021-07-06 08:51:28"
"306","13","Kamrej","2","2016-02-05 00:00:00","2021-07-06 08:55:53"
"307","27","Palsana","1","2016-02-05 00:00:00","2016-02-05 00:00:00"
"308","30","Khammam","1","2016-02-05 00:00:00","2016-02-05 00:00:00"
"309","30","Nalgonda","1","2016-02-05 00:00:00","2016-02-05 00:00:00"
"310","7","Nizambad","2","2016-02-05 00:00:00","2016-02-05 00:00:00"
"311","30","Bodhan","1","2016-02-05 00:00:00","2016-02-05 00:00:00"
"312","30","Warangal","1","2016-02-05 00:00:00","2016-02-05 00:00:00"
"313","7","Ongole","1","2016-02-05 00:00:00","2016-02-05 00:00:00"
"314","7","Narasannapeta","1","2016-02-05 00:00:00","2016-02-05 00:00:00"
"315","7","Tadepalligudem","2","2016-02-05 00:00:00","2016-02-05 00:00:00"
"316","30","Kodad","1","2016-02-05 00:00:00","2016-02-05 00:00:00"
"317","7","Srikalahasti","1","2016-02-05 00:00:00","2016-02-05 00:00:00"
"318","7","Proddatur","2","2016-02-05 00:00:00","2022-04-22 08:57:28"
"319","7","Markapur","1","2016-02-05 00:00:00","2016-02-05 00:00:00"
"320","7","Chittoor","1","2016-02-05 00:00:00","2016-02-05 00:00:00"
"321","7","Kurnool","1","2016-02-05 00:00:00","2016-02-05 00:00:00"
"322","7","Eluru","1","2016-02-05 00:00:00","2016-02-05 00:00:00"
"323","7","Nandyal","1","2016-02-05 00:00:00","2016-02-05 00:00:00"
"324","7","Ravulapalem","2","2016-02-05 00:00:00","2016-02-05 00:00:00"
"325","7","Mandapeta","1","2016-02-05 00:00:00","2016-02-05 00:00:00"
"326","7","Gajuwaka","1","2016-02-05 00:00:00","2016-02-05 00:00:00"
"327","30","Ghatkeshwar","1","2016-02-05 00:00:00","2016-02-05 00:00:00"
"328","7","Renigunta","2","2016-02-05 00:00:00","2016-02-05 00:00:00"
"329","7","Kavali","1","2016-02-05 00:00:00","2016-02-05 00:00:00"
"330","7","Kadapa","1","2016-02-05 00:00:00","2016-02-05 00:00:00"
"331","7","Naidupeta","1","2016-02-05 00:00:00","2016-02-05 00:00:00"
"332","7","Tirupathi","2","2016-02-05 00:00:00","2021-08-02 12:09:12"
"333","7","Machalipatnam","1","2016-02-05 00:00:00","2016-02-05 00:00:00"
"334","30","Nizamabad","1","2016-02-05 00:00:00","2016-02-05 00:00:00"
"335","13","Vyara","2","2016-02-05 00:00:00","2021-07-06 08:54:39"
"336","7","Rajahmundry","1","2016-02-05 00:00:00","2016-02-05 00:00:00"
"337","7","Kakinada","1","2016-02-05 00:00:00","2016-02-05 00:00:00"
"338","7","Guntakal","1","2016-02-05 00:00:00","2016-02-05 00:00:00"
"340","7","Anantapur","1","2016-02-05 00:00:00","2016-02-05 00:00:00"
"341","7","Chinamushidivada","2","2016-02-05 00:00:00","2016-02-05 00:00:00"
"342","7","Rajahmundry","2","2016-02-05 00:00:00","2021-08-02 06:57:51"
"343","7","Vizianagaram","1","2016-02-05 00:00:00","2016-02-05 00:00:00"
"344","7","Proddutur","2","2016-02-05 00:00:00","2021-08-03 07:56:20"
"345","7","Tirupati","1","2016-02-05 00:00:00","2016-02-05 00:00:00"
"346","7","Hyderabad(A)","2","2016-02-05 00:00:00","2016-02-05 00:00:00"
"347","15","Jammu","1","2016-02-05 00:00:00","2016-02-05 00:00:00"
"348","13","Nadiad","1","2016-02-05 00:00:00","2021-07-06 09:00:54"
"349","13","Gandhinagar","1","2016-02-05 00:00:00","2016-02-05 00:00:00"
"350","26","Punjab","1","2016-02-05 00:00:00","2016-02-05 00:00:00"
"351","13","Vadodara","1","2016-02-05 00:00:00","2016-02-05 00:00:00"
"352","1","Mahesana","1","2016-02-05 00:00:00","2016-02-05 00:00:00"
"353","25","Rourkela","1","2016-02-05 00:00:00","2016-02-05 00:00:00"
"354","1","Rajpura","1","2016-02-05 00:00:00","2016-02-05 00:00:00"
"355","29","Vellore","2","2016-02-05 00:00:00","2022-07-27 12:15:19"
"356","1","New Delhi","1","2016-02-05 00:00:00","2016-02-05 00:00:00"
"357","1","Alwar","1","2016-02-05 00:00:00","2016-02-05 00:00:00"
"358","1","Trivandrum","1","2016-02-05 00:00:00","2016-02-05 00:00:00"
"359","1","Kozhikode","1","2016-02-05 00:00:00","2016-02-05 00:00:00"
"360","1","Gorakhpur","1","2016-02-05 00:00:00","2016-02-05 00:00:00"
"361","1","Kon Gaon","1","2016-02-05 00:00:00","2016-02-05 00:00:00"
"362","1","Bilaspur","1","2016-02-05 00:00:00","2016-02-05 00:00:00"
"363","1","Jagdalpur","1","2016-02-05 00:00:00","2016-02-05 00:00:00"
"364","1","Raigarh","1","2016-02-05 00:00:00","2016-02-05 00:00:00"
"365","1","Jamshedpur","1","2016-02-05 00:00:00","2016-02-05 00:00:00"
"366","29","Nagercoil","2","2016-02-05 00:00:00","2022-07-27 12:14:02"
"367","11","Bilaspur","1","2016-02-05 00:00:00","2016-02-05 00:00:00"
"368","20","Ichalkaranji","1","2016-02-05 00:00:00","2016-02-05 00:00:00"
"369","20","Islampur","1","2016-02-05 00:00:00","2016-02-05 00:00:00"
"370","20","Jaisingpur","1","2016-02-05 00:00:00","2016-02-05 00:00:00"
"371","20","Jamkhed","1","2016-02-05 00:00:00","2016-02-05 00:00:00"
"372","20","Karad","1","2016-02-05 00:00:00","2016-02-05 00:00:00"
"373","20","Koregaon","1","2016-02-05 00:00:00","2016-02-05 00:00:00"
"374","20","PCMC","1","2016-02-05 00:00:00","2016-02-05 00:00:00"
"375","20","Phaltan","1","2016-02-05 00:00:00","2016-02-05 00:00:00"
"376","20","Tasgoan","1","2016-02-05 00:00:00","2016-02-05 00:00:00"
"377","20","Wai","1","2016-02-05 00:00:00","2016-02-05 00:00:00"
"378","20","Aurangabad","1","2016-02-05 00:00:00","2016-02-05 00:00:00"
"379","20","Thane","1","2016-02-05 00:00:00","2016-02-05 00:00:00"
"380","16","Deoghar","1","2016-02-05 00:00:00","2016-02-05 00:00:00"
"381","16","Dhanbad","1","2016-02-05 00:00:00","2016-02-05 00:00:00"
"382","16","Jamshedpur","1","2016-02-05 00:00:00","2016-02-05 00:00:00"
"649","0","KANPUR DEHAT","1","2016-02-05 00:00:00","2016-02-05 00:00:00"
"650","0","KANPUR NAGAR","1","2016-02-05 00:00:00","2016-02-05 00:00:00"
"651","0","Kasganj","1","2016-02-05 00:00:00","2016-02-05 00:00:00"
"652","0","KAUSHAMBI","1","2016-02-05 00:00:00","2016-02-05 00:00:00"
"653","0","KHERI","1","2016-02-05 00:00:00","2016-02-05 00:00:00"
"654","0","KUSHI NAGAR","1","2016-02-05 00:00:00","2016-02-05 00:00:00"
"655","0","LALITPUR","1","2016-02-05 00:00:00","2016-02-05 00:00:00"
"656","0","LUCKNOW","1","2016-02-05 00:00:00","2016-02-05 00:00:00"
"657","0","MAHARAJGANJ","1","2016-02-05 00:00:00","2016-02-05 00:00:00"
"658","0","MAHOBA","1","2016-02-05 00:00:00","2016-02-05 00:00:00"
"659","32","Mainpuri","1","2016-02-05 00:00:00","2021-10-04 09:40:12"
"660","0","MATHURA","1","2016-02-05 00:00:00","2016-02-05 00:00:00"
"661","0","MAU","1","2016-02-05 00:00:00","2016-02-05 00:00:00"
"662","0","MEERUT","1","2016-02-05 00:00:00","2016-02-05 00:00:00"
"663","0","MIRZAPUR","1","2016-02-05 00:00:00","2016-02-05 00:00:00"
"664","0","MORADABAD","1","2016-02-05 00:00:00","2016-02-05 00:00:00"
"665","0","MUZAFFARNAGAR","1","2016-02-05 00:00:00","2016-02-05 00:00:00"
"666","0","PILIBHIT","1","2016-02-05 00:00:00","2016-02-05 00:00:00"
"667","0","PRATAPGARH","1","2016-02-05 00:00:00","2016-02-05 00:00:00"
"668","0","RAE BARELI","1","2016-02-05 00:00:00","2016-02-05 00:00:00"
"669","0","RAMPUR","1","2016-02-05 00:00:00","2016-02-05 00:00:00"
"670","0","SAHARANPUR","1","2016-02-05 00:00:00","2016-02-05 00:00:00"
"671","0","SAMBHAL","1","2016-02-05 00:00:00","2016-02-05 00:00:00"
"672","0","SANT KABEER NAGAR","1","2016-02-05 00:00:00","2016-02-05 00:00:00"
"673","0","SHAHJAHANPUR","1","2016-02-05 00:00:00","2016-02-05 00:00:00"
"674","0","SHAMLI","1","2016-02-05 00:00:00","2016-02-05 00:00:00"
"675","0","SHRAVASTI","1","2016-02-05 00:00:00","2016-02-05 00:00:00"
"676","0","SIDDHARTH NAGAR","1","2016-02-05 00:00:00","2016-02-05 00:00:00"
"677","0","SITAPUR","1","2016-02-05 00:00:00","2016-02-05 00:00:00"
"678","0","SONBHADRA","1","2016-02-05 00:00:00","2016-02-05 00:00:00"
"679","0","SULTANPUR","1","2016-02-05 00:00:00","2016-02-05 00:00:00"
"680","0","UNNAO","1","2016-02-05 00:00:00","2016-02-05 00:00:00"
"681","0","VARANASI","1","2016-02-05 00:00:00","2016-02-05 00:00:00"
"682","0","24 PARAGANAS NORTH","1","2016-02-05 00:00:00","2016-02-05 00:00:00"
"683","0","24 PARAGANAS SOUTH","1","2016-02-05 00:00:00","2016-02-05 00:00:00"
"684","0","Alipurduar","1","2016-02-05 00:00:00","2016-02-05 00:00:00"
"685","0","BANKURA","1","2016-02-05 00:00:00","2016-02-05 00:00:00"
"686","0","BARDHAMAN","1","2016-02-05 00:00:00","2016-02-05 00:00:00"
"687","0","BIRBHUM","1","2016-02-05 00:00:00","2016-02-05 00:00:00"
"688","0","COOCHBEHAR","1","2016-02-05 00:00:00","2016-02-05 00:00:00"
"689","0","DARJEELING","1","2016-02-05 00:00:00","2016-02-05 00:00:00"
"690","0","DINAJPUR DAKSHIN","1","2016-02-05 00:00:00","2016-02-05 00:00:00"
"691","0","DINAJPUR UTTAR","1","2016-02-05 00:00:00","2016-02-05 00:00:00"
"692","0","HOOGHLY","1","2016-02-05 00:00:00","2016-02-05 00:00:00"
"693","0","HOWRAH","1","2016-02-05 00:00:00","2016-02-05 00:00:00"
"694","0","JALPAIGURI","1","2016-02-05 00:00:00","2016-02-05 00:00:00"
"695","0","KOLKATA","1","2016-02-05 00:00:00","2016-02-05 00:00:00"
"696","0","MALDAH","1","2016-02-05 00:00:00","2016-02-05 00:00:00"
"697","0","MEDINIPUR EAST","1","2016-02-05 00:00:00","2016-02-05 00:00:00"
"698","0","MEDINIPUR WEST","1","2016-02-05 00:00:00","2016-02-05 00:00:00"
"699","0","MURSHIDABAD","1","2016-02-05 00:00:00","2016-02-05 00:00:00"
"700","0","NADIA","1","2016-02-05 00:00:00","2016-02-05 00:00:00"
"701","0","PURULIA","1","2016-02-05 00:00:00","2016-02-05 00:00:00"
"702","5","Haryana","1","2016-02-05 00:00:00","2016-02-05 00:00:00"
"703","32","Bareilly","1","2016-02-05 00:00:00","2016-02-05 00:00:00"
"704","11","Raipur","2","2016-02-05 00:00:00","2022-05-09 06:58:23"
"705","32","Muzaffarnagar","1","2016-02-05 00:00:00","2016-02-05 00:00:00"
"706","7","Samalkot","2","2016-02-05 00:00:00","2016-02-05 00:00:00"
"707","7","G.Mamidada","2","2016-02-05 00:00:00","2016-02-05 00:00:00"
"708","7","Gudur","2","2016-02-05 00:00:00","2016-02-05 00:00:00"
"709","7","Srikakulam","2","2016-02-05 00:00:00","2021-08-02 06:51:24"
"710","7","Kakinada","2","2016-02-05 00:00:00","2021-08-02 10:28:29"
"711","7","Repalle","2","2016-02-05 00:00:00","2016-02-05 00:00:00"
"712","26","Chandigarh","1","2016-02-05 00:00:00","2016-02-05 00:00:00"
"713","19","Ashoknagar","1","2016-02-05 00:00:00","2016-02-05 00:00:00"
"714","19","Balaghat","1","2016-02-05 00:00:00","2016-02-05 00:00:00"
"715","19","Bhind","1","2016-02-05 00:00:00","2016-02-05 00:00:00"
"716","19","Biaora","1","2016-02-05 00:00:00","2016-02-05 00:00:00"
"717","19","Bina","1","2016-02-05 00:00:00","2016-02-05 00:00:00"
"718","19","Chhatarpur","1","2016-02-05 00:00:00","2016-02-05 00:00:00"
"719","19","Chhindwara","1","2016-02-05 00:00:00","2016-02-05 00:00:00"
"720","19","Gwalior","1","2016-02-05 00:00:00","2016-02-05 00:00:00"
"721","19","Katni","1","2016-02-05 00:00:00","2016-02-05 00:00:00"
"722","19","Lakhnadon","1","2016-02-05 00:00:00","2016-02-05 00:00:00"
"723","19","Mandsour","1","2016-02-05 00:00:00","2016-02-05 00:00:00"
"724","19","Neemuch","1","2016-02-05 00:00:00","2016-02-05 00:00:00"
"725","19","Pipariya","1","2016-02-05 00:00:00","2016-02-05 00:00:00"
"726","19","Ratlam","1","2016-02-05 00:00:00","2016-02-05 00:00:00"
"727","19","Rewa","1","2016-02-05 00:00:00","2016-02-05 00:00:00"
"728","19","Sagar","1","2016-02-05 00:00:00","2016-02-05 00:00:00"
"729","19","Satna","1","2016-02-05 00:00:00","2016-02-05 00:00:00"
"730","19","Singrauli","1","2016-02-05 00:00:00","2016-02-05 00:00:00"
"731","19","Tikamgarh","1","2016-02-05 00:00:00","2016-02-05 00:00:00"
"732","19","Vidisha","1","2016-02-05 00:00:00","2016-02-05 00:00:00"
"733","5","Karnal","1","2019-12-09 06:07:10","2019-12-09 06:07:10"
"734","5","Ambala Cantt","1","2019-12-09 06:07:39","2019-12-09 06:07:39"
"735","5","Ambala City","1","2019-12-09 06:08:00","2019-12-09 06:08:00"
"736","5","Kurukshetra","1","2019-12-09 06:08:16","2019-12-09 06:08:16"
"737","5","Jind","1","2019-12-09 06:08:26","2019-12-09 06:08:26"
"738","5","Bhiwani","1","2019-12-09 06:08:47","2019-12-09 06:08:47"
"739","5","Fatehabad","1","2019-12-09 06:09:02","2019-12-09 06:09:02"
"740","5","Tohana","1","2019-12-09 06:09:20","2019-12-09 06:09:20"
"741","5","Sonipat","1","2019-12-09 06:10:04","2019-12-09 06:10:04"
"742","5","Jhajjar","1","2019-12-09 06:10:23","2019-12-09 06:10:23"
"743","5","Panipat","1","2019-12-09 06:10:40","2019-12-09 06:10:40"
"744","32","Bulandshahr","1","2020-02-06 11:19:34","2020-02-06 11:19:34"
"745","7","Addanki","1","2020-03-02 07:42:16","2020-03-02 07:42:16"
"746","7","Chirala","1","2020-03-02 07:42:44","2020-03-02 07:42:44"
"747","7","Darmavaram","2","2020-03-02 07:50:19","2023-04-12 08:46:34"
"748","7","Venkatagiri","1","2020-03-02 07:59:19","2020-03-02 07:59:19"
"749","7","Kothapeta","2","2020-03-02 08:12:12","2020-03-02 08:12:12"
"750","15","Kashmir","1","2020-06-22 08:14:50","2020-06-22 08:14:50"
"751","15","Sopore","1","2020-06-22 10:27:11","2020-06-22 10:27:11"
"752","5","Kaithal","1","2020-07-14 07:46:38","2020-07-14 07:46:38"
"753","5","Sirsa","1","2020-07-14 07:53:13","2020-07-14 07:53:13"
"754","26","Budhlada","1","2020-07-22 07:21:26","2020-07-22 07:21:26"
"755","32","Greater Noida","1","2020-08-07 07:12:50","2020-08-07 07:12:50"
"756","42","Select City","1","2020-08-07 07:12:50","2020-08-07 07:12:50"
"757","26","Rajpura","1","2020-09-30 13:34:33","2020-09-30 13:34:33"
"758","5","Ballabgarh","1","2020-09-30 13:42:34","2020-09-30 13:42:34"
"759","32","Pratapgarh","1","2020-09-30 15:08:30","2020-09-30 15:08:30"
"760","26","Jammu","1","2020-09-30 15:08:48","2020-09-30 15:08:48"
"761","32","Gorakhpur","1","2020-09-30 15:22:51","2020-09-30 15:22:51"
"762","26","Gurdaspur","1","2020-10-12 06:09:48","2020-10-12 06:09:48"
"763","29","Dindigul","1","2020-10-22 08:25:02","2020-10-22 08:25:02"
"764","32","Aligarh","1","2020-10-22 08:50:45","2020-10-22 08:50:45"
"765","9","Silchar","1","2020-10-22 09:34:35","2020-10-22 09:34:35"
"766","34","Durgapur","1","2020-10-22 09:44:13","2020-10-22 09:44:13"
"767","10","Ara","1","2020-10-22 09:56:24","2020-10-22 09:56:24"
"768","25","Berhampur","1","2020-10-22 11:03:19","2020-10-22 11:03:19"
"769","7","Amberpeta","2","2020-03-02 08:12:12","2020-03-02 08:12:12"
"770","7","Kandukur","2","2020-03-02 08:12:12","2020-03-02 08:12:12"
"771","7","Maddelapalem","2","2020-03-02 08:12:12","2020-03-02 08:12:12"
"772","7","Palakonda","1","2020-03-02 08:12:12","2020-03-02 08:12:12"
"773","7","Tadepalli","2","2020-03-02 08:12:12","2020-03-02 08:12:12"
"774","7","Tadpatri","1","2020-03-02 08:12:12","2020-03-02 08:12:12"
"775","7","Tenali","1","2020-03-02 08:12:12","2020-03-02 08:12:12"
"776","16","Barhi","1","2016-02-05 00:00:00","2016-02-05 00:00:00"
"777","16","Bokaro","1","2016-02-05 00:00:00","2016-02-05 00:00:00"
"778","16","Chaibasa","1","2016-02-05 00:00:00","2016-02-05 00:00:00"
"779","16","Dumka","1","2016-02-05 00:00:00","2016-02-05 00:00:00"
"780","16","Giridih","1","2016-02-05 00:00:00","2016-02-05 00:00:00"
"781","16","Hazaribagh","1","2016-02-05 00:00:00","2016-02-05 00:00:00"
"782","16","Jamtara","1","2016-02-05 00:00:00","2016-02-05 00:00:00"
"783","16","Pakaur","1","2016-02-05 00:00:00","2016-02-05 00:00:00"
"784","16","Ramgarh","1","2016-02-05 00:00:00","2016-02-05 00:00:00"
"785","16","Sahibganj","1","2016-02-05 00:00:00","2016-02-05 00:00:00"
"786","27","chhipabarod","1","2021-03-18 05:49:18","2021-03-18 05:49:18"
"787","27","Bhilwara","1","2021-03-18 05:49:49","2021-03-18 05:49:49"
"788","32","Shikohabad","1","2021-03-18 10:31:06","2021-03-18 10:31:06"
"789","20","Kalamboli","1","2016-02-05 00:00:00","2016-02-05 00:00:00"
"790","20","Kamothe","1","2016-02-05 00:00:00","2016-02-05 00:00:00"
"791","20","Ulahasnagar","1","2016-02-05 00:00:00","2016-02-05 00:00:00"
"792","20","Vashi","1","2016-02-05 00:00:00","2016-02-05 00:00:00"
"793","20","Kharghar","1","2016-02-05 00:00:00","2016-02-05 00:00:00"
"794","11","Jagdalpur","1","2021-04-21 10:43:16","2021-04-21 10:43:16"
"796","11","Bilaspur","2","2021-04-21 10:43:56","2022-05-09 06:56:56"
"797","11","Ambikapur","1","2021-04-21 10:44:15","2021-04-21 10:44:15"
"798","11","Raigarh","1","2021-04-21 10:44:53","2021-04-21 10:44:53"
"799","11","Bhilai","1","2021-04-21 11:07:50","2021-04-21 11:07:50"
"800","13","Tharad","1","2021-07-06 13:20:49","2021-07-06 13:20:49"
"801","13","Una","1","2021-07-06 12:28:06","2021-07-06 12:28:06"
"803","19","Guna","1","2021-07-26 09:37:02","2021-07-26 09:37:02"
"804","19","Itarsi","1","2021-07-26 09:59:48","2021-07-26 09:59:48"
"805","19","Waidhan","1","2021-07-26 10:32:16","2021-07-26 10:32:16"
"806","19","Khurai","1","2021-07-26 10:45:07","2021-07-26 10:45:07"
"807","19","Damoh","1","2021-07-26 10:49:12","2021-07-26 10:49:12"
"808","7","Amalapuram","1","2021-08-02 10:38:19","2021-08-02 10:38:19"
"809","7","Adoni","1","2021-08-02 12:59:52","2021-08-02 12:59:52"
"810","30","Balanagar","1","2021-08-02 13:28:35","2021-08-02 13:28:35"
"811","30","Jambagh","1","2021-08-02 13:38:30","2021-08-02 13:38:30"
"812","30","New Aghapur","1","2021-08-02 13:45:14","2021-08-02 13:45:14"
"813","30","Hyderabad Shah Inyat Gunj","1","2021-08-02 13:54:26","2021-08-02 13:54:26"
"814","30","Ranigunj","1","2021-08-02 14:06:06","2021-08-02 14:06:06"
"815","30","Bollaram","1","2021-08-02 14:08:43","2021-08-02 14:08:43"
"816","30","Miyapur â€“Hyderabad","1","2021-08-02 14:14:58","2021-08-02 14:14:58"
"817","7","Patamata â€“ Vijayawada","2","2021-08-03 04:39:51","2021-08-03 04:39:51"
"818","30","Hyderabad Shah Inyat Gunj","2","2021-08-03 04:53:29","2021-08-03 04:54:41"
"819","7","Bhavanipuram","2","2021-08-04 12:02:08","2021-08-04 12:02:08"
"820","7","CommitteeRoad","2","2021-08-04 12:31:36","2021-08-04 12:31:36"
"821","7","Yemmiganur","2","2021-08-04 12:32:04","2022-11-01 09:08:25"
"822","30","Madhapur","1","2021-08-04 12:54:34","2021-08-04 12:54:34"
"823","32","Auraiya","1","2021-08-06 14:48:10","2021-08-06 14:48:10"
"824","6","New Delhi Paharganj","2","2021-08-17 05:46:30","2021-08-17 05:46:30"
"825","6","New Delhi","2","2021-08-17 06:02:51","2022-08-24 07:00:47"
"826","5","Taraori","1","2021-08-18 07:11:46","2021-08-18 07:11:46"
"827","27","Sikar","1","2021-10-25 06:00:10","2021-10-25 06:00:10"
"828","10","Mahua","1","2021-11-18 09:55:41","2021-11-18 09:55:41"
"829","10","Hajipur","1","2021-11-18 09:56:04","2021-11-18 09:56:04"
"830","10","Mahnar","1","2021-11-18 09:56:23","2021-11-18 09:56:23"
"831","10","Bidupur","1","2021-11-18 09:56:41","2021-11-18 09:56:41"
"832","5","Narnol","1","2021-12-30 05:39:35","2021-12-30 05:39:35"
"833","5","Mahendergarh","1","2021-12-30 05:42:12","2021-12-30 05:42:12"
"834","5","Kanina","1","2021-12-30 05:43:04","2021-12-30 05:43:04"
"835","5","Rewari","1","2021-12-30 05:44:02","2021-12-30 05:44:02"
"836","5","Pataudi","1","2021-12-30 05:44:43","2021-12-30 05:44:43"
"837","5","Bahadurgarh","1","2021-12-30 05:45:18","2021-12-30 05:45:18"
"839","20","Boisar","1","2022-02-09 17:44:34","2022-02-09 17:44:34"
"840","7","Chilakaluripet","2","2022-04-22 13:25:26","2022-04-22 08:35:24"
"841","7","Dhone","1","2022-04-22 13:26:49","2022-04-22 13:26:49"
"843","7","Kalyandurg","1","2022-04-22 13:27:27","2022-04-22 13:27:27"
"844","7","Mydukur","1","2022-04-22 13:27:55","2022-04-22 13:27:55"
"845","7","Narasaraopet","1","2022-04-22 13:28:12","2022-04-22 13:28:12"
"846","7","Proddatur","1","2022-04-22 13:28:27","2022-04-22 13:28:27"
"847","7","Rajampet","1","2022-04-22 13:28:46","2022-04-22 13:28:46"
"848","7","Rayachoti","1","2022-04-22 13:29:00","2022-04-22 13:29:00"
"849","7","Razole","2","2022-04-22 13:29:15","2022-04-22 13:29:15"
"850","7","Sompeta","1","2022-04-22 13:29:29","2022-04-22 13:29:29"
"851","7","Sullurpeta","1","2022-04-22 13:29:41","2022-04-22 13:29:41"
"853","7","Tuni","1","2022-04-22 13:30:19","2022-04-22 13:30:19"
"854","7","Chilakaluripet","2","2022-04-22 08:36:04","2022-04-22 08:36:04"
"855","7","Tadipatri","1","2022-04-22 09:39:57","2022-04-22 09:39:57"
"856","11","Basna","2","2022-05-09 06:16:57","2022-05-09 06:17:28"
"857","32","Etawah","1","2022-06-07 06:21:37","2022-06-07 06:21:37"
"858","32","Kasganj","1","2022-06-07 06:27:44","2022-06-07 06:27:44"
"859","32","Khurja","1","2022-06-07 06:32:27","2022-06-07 06:32:27"
"860","29","Coonoor","1","2022-07-19 11:20:32","2022-07-19 11:20:32"
"861","29","Hosur","1","2022-07-19 11:21:08","2022-07-19 11:21:08"
"862","29","Kangeyam","1","2022-07-19 11:21:30","2022-07-19 11:21:30"
"863","29","Karur","1","2022-07-19 11:21:47","2022-07-19 11:22:23"
"864","29","Krishnagiri","1","2022-07-19 11:22:59","2022-07-19 11:22:59"
"865","29","Namakkal","1","2022-07-19 11:23:39","2022-07-19 11:23:39"
"866","29","Ooty","1","2022-07-19 11:23:58","2022-07-19 11:23:58"
"867","29","Pollachi","1","2022-07-19 11:24:23","2022-07-19 11:24:23"
"868","29","Thiruchengode","1","2022-07-19 11:25:10","2022-07-19 11:25:10"
"869","29","Tirupur","1","2022-07-19 11:25:45","2022-07-19 11:25:45"
"870","29","Udumalpettai","1","2022-07-19 11:26:01","2022-07-19 11:26:01"
"871","19","Betul","1","2022-07-26 11:06:10","2022-07-26 11:06:10"
"872","19","Datia","1","2022-07-26 11:06:29","2022-07-26 11:06:29"
"873","19","Sheopur","1","2022-07-26 11:10:20","2022-07-26 11:10:20"
"874","19","Ujjain","1","2022-07-26 11:39:52","2022-07-26 11:39:52"
"875","19","Dewas","1","2022-07-26 11:40:08","2022-07-26 11:40:08"
"876","19","Seoni","1","2022-07-26 11:49:00","2022-07-26 11:49:00"
"877","19","Barwani","1","2022-07-26 11:53:25","2022-07-26 11:53:25"
"878","19","Dhoti  Vindhyanagar","1","2022-07-26 12:09:49","2022-07-26 12:09:49"
"879","29","Tiruchirappalli","1","2022-07-28 11:53:27","2022-07-28 11:53:27"
"880","5","Kosli","1","2022-09-20 11:24:10","2022-09-20 11:24:10"
"881","5","Ellenabad","1","2022-09-20 11:29:55","2022-09-20 11:29:55"
"882","5","Narwana","1","2022-09-20 11:36:18","2022-09-20 11:36:18"
"883","5","Kundli","1","2022-09-20 11:38:32","2022-09-20 11:38:32"
"884","5","Charkhi dadri","1","2022-09-20 11:41:33","2022-09-20 11:41:33"
"885","5","Hayatpur","1","2022-09-22 11:15:47","2022-09-22 11:15:47"
"886","5","Hodal","1","2022-09-22 11:16:02","2022-09-22 11:16:02"
"887","5","Manesar","1","2022-09-22 11:16:21","2022-09-22 11:16:21"
"888","16","Chatra","1","2022-10-10 11:45:56","2022-10-10 11:45:56"
"889","16","Daltonganj","1","2022-10-10 11:48:12","2022-10-10 11:48:12"
"890","16","Garhwa","1","2022-10-10 11:51:35","2022-10-10 11:51:35"
"891","16","Lohardaga","1","2022-10-10 11:53:28","2022-10-10 11:53:28"
"892","16","Koderma","1","2022-10-10 11:55:21","2022-10-10 11:55:21"
"893","16","Godda","1","2022-10-10 11:56:46","2022-10-10 11:56:46"
"894","16","Madhupur","1","2022-10-10 11:59:52","2022-10-10 11:59:52"
"895","16","Mahagama","1","2022-10-10 12:03:21","2022-10-10 12:03:21"
"896","16","Rajdhanwar","1","2022-10-10 12:07:30","2022-10-10 12:07:30"
"897","16","Barharwa","1","2022-10-10 12:07:50","2022-10-10 12:07:50"
"898","16","Ghatsila","1","2022-10-10 12:08:49","2022-10-10 12:08:49"
"899","16","Jaintgarh","1","2022-10-10 12:09:15","2022-10-10 12:09:15"
"900","27","Alwar","1","2022-10-20 05:27:04","2022-10-20 05:27:04"
"901","7","Anakapalle","1","2022-11-01 07:07:36","2022-11-01 07:07:36"
"902","7","Badvel","1","2022-11-01 07:15:35","2022-11-01 07:15:35"
"903","7","Kanigiri","2","2022-11-01 07:52:54","2022-11-01 07:52:54"
"904","7","Madanapalle","1","2022-11-01 07:56:27","2022-11-01 07:56:27"
"905","7","Maduravada","1","2022-11-01 07:57:53","2022-11-01 07:57:53"
"906","7","Narsipatnam","1","2022-11-01 08:05:34","2022-11-01 08:05:34"
"907","7","Peddapuram","1","2022-11-01 08:19:20","2022-11-01 08:19:20"
"908","7","Pulivendula","1","2022-11-01 08:31:05","2022-11-01 08:31:05"
"909","7","Tanuku","1","2022-11-01 08:46:12","2022-11-01 08:46:12"
"910","7","Yemmiganur","1","2022-11-01 09:07:01","2022-11-01 09:07:01"
"911","10","Nalanda","1","2022-11-25 08:41:37","2022-11-25 08:41:37"
"913","10","Phulwari","1","2023-01-04 06:33:00","2023-01-04 06:33:00"
"914","32","Ayodhya","1","2023-01-04 10:47:00","2023-01-05 07:59:37"
"915","32","Sitapur","1","2023-01-04 10:58:51","2023-01-05 07:59:52"
"916","32","Akbarpur","1","2023-01-04 11:28:16","2023-01-05 07:59:55"
"917","32","Farrukhabad","1","2023-01-04 11:34:43","2023-01-05 07:59:59"
"918","32","Banda","1","2023-01-05 08:08:27","2023-01-05 08:08:27"
"919","32","Fatehpur","1","2023-01-05 08:10:24","2023-01-05 08:10:24"
"920","32","Kannauj","1","2023-01-05 08:12:00","2023-01-05 08:12:00"
"921","32","Unnao","1","2023-01-05 08:12:38","2023-01-05 08:12:38"
"922","32","Baberu","1","2023-01-05 08:13:04","2023-01-05 08:13:04"
"923","32","Chitrkoot","1","2023-01-05 08:13:32","2023-01-05 08:13:32"
"924","32","Sultanpur","1","2023-01-05 08:14:11","2023-01-05 08:14:11"
"925","32","Prayagraj","1","2023-01-05 08:33:26","2023-01-05 08:33:26"
"926","32","Pilibhit","1","2023-01-05 09:44:01","2023-01-05 09:44:01"
"927","32","Lakhimpur","1","2023-01-05 09:46:43","2023-01-05 09:46:43"
"928","32","Chakia","1","2023-01-05 09:51:35","2023-01-05 09:51:35"
"929","32","Budaun","1","2023-01-05 09:52:03","2023-01-05 09:52:03"
"930","32","Palia Kalan","1","2023-01-05 09:52:19","2023-01-05 09:52:19"
"931","32","Hardoi","1","2023-01-05 09:55:44","2023-01-05 09:55:44"
"932","32","Shahajanpur","1","2023-01-05 09:56:07","2023-01-05 09:56:07"
"933","32","Bhatani","1","2023-01-05 09:56:32","2023-01-05 09:56:32"
"934","32","Deoria","1","2023-01-05 09:56:59","2023-01-05 09:56:59"
"935","32","Khalilabad","1","2023-01-05 10:04:15","2023-01-05 10:04:15"
"936","32","Basti","1","2023-01-05 10:04:39","2023-01-05 10:04:39"
"937","32","Maharajganj","1","2023-01-05 10:06:00","2023-01-05 10:06:00"
"938","32","Padrauna","1","2023-01-05 10:06:27","2023-01-05 10:06:27"
"939","32","Kushinagar","1","2023-01-05 10:06:43","2023-01-05 10:06:43"
"940","32","Bhadohi","1","2023-01-05 10:22:33","2023-01-05 10:22:33"
"941","32","Mirzapur","1","2023-01-05 10:22:56","2023-01-05 10:22:56"
"942","32","Suriyawan","1","2023-01-05 10:23:15","2023-01-05 10:23:15"
"943","32","Robertsganj","1","2023-01-05 10:24:14","2023-01-05 10:24:14"
"944","32","Renukoot","1","2023-01-05 10:24:41","2023-01-05 10:24:41"
"945","32","Chandauli","1","2023-01-05 10:24:58","2023-01-05 10:24:58"
"946","32","Ghazipur","1","2023-01-05 10:25:33","2023-01-05 10:25:33"
"947","32","Ballia","1","2023-01-05 10:26:05","2023-01-05 10:26:05"
"948","32","Jaunpur","1","2023-01-05 10:26:50","2023-01-05 10:26:50"
"949","32","Mau","1","2023-01-05 10:27:05","2023-01-05 10:27:05"
"950","32","Azamgarh","1","2023-01-05 10:27:17","2023-01-05 10:27:17"
"951","32","Bahraich","1","2023-01-05 10:27:35","2023-01-05 10:27:35"
"952","32","Gonda","1","2023-01-05 10:41:57","2023-01-05 10:41:57"
"953","32","Balrampur","1","2023-01-05 10:42:26","2023-01-05 10:42:26"
"954","11","Sitapur","2","2023-01-09 12:13:04","2023-01-09 12:13:04"
"955","27","Dungarpur","1","2023-02-07 10:53:51","2023-02-07 10:53:51"
"956","27","Pratapgarh","1","2023-02-07 10:55:48","2023-02-07 10:55:48"
"957","27","Ghatol","1","2023-02-07 11:06:27","2023-02-07 11:06:27"
"958","27","Beawar","1","2023-02-07 11:10:33","2023-02-07 11:10:33"
"959","27","Chhoti Sadri","1","2023-02-07 11:12:07","2023-02-07 11:12:07"
"960","27","Lohariya","1","2023-02-07 11:12:32","2023-02-07 11:12:32"
"961","27","Jalrapatan","1","2023-02-07 11:12:55","2023-02-07 11:12:55"
"962","27","Jhotwara","1","2023-02-07 11:13:20","2023-02-07 11:13:20"
"963","27","Chitorgarh","1","2023-02-07 11:13:40","2023-02-07 11:13:40"
"964","27","Sri Ganganagar","1","2023-02-07 11:50:15","2023-02-07 11:50:41"
"965","27","Kherwara","1","2023-02-07 11:51:14","2023-02-07 11:51:14"
"966","27","Banswara","1","2023-02-07 11:51:38","2023-02-07 11:51:38"
"967","27","Kotputli","1","2023-02-07 11:55:07","2023-02-07 11:55:07"
"968","27","Ramganj Mandi","1","2023-02-07 11:55:28","2023-02-07 11:55:28"
"969","27","Bundi","1","2023-02-07 11:55:41","2023-02-07 11:55:41"
"970","27","Baran","1","2023-02-07 12:05:12","2023-02-07 12:05:12"
"971","27","Hanumangarh","1","2023-02-07 12:05:45","2023-02-07 12:05:45"
"972","27","Bikaner","1","2023-02-07 12:06:08","2023-02-07 12:06:08"
"973","27","Balotra","1","2023-02-07 12:06:25","2023-02-07 12:06:25"
"974","27","Partapur","1","2023-02-07 12:21:35","2023-02-07 12:21:35"
"975","27","Neem Ka Thana","1","2023-02-07 12:22:04","2023-02-07 12:22:04"
"976","27","Nimbahera","1","2023-02-07 12:22:31","2023-02-07 12:22:31"
"977","27","Rajgarh","1","2023-02-07 12:23:25","2023-02-07 12:23:25"
"978","27","Sayla","1","2023-02-07 12:23:42","2023-02-07 12:23:42"
"979","27","Sujangarh","1","2023-02-07 12:24:04","2023-02-07 12:24:04"
"980","27","Barmer","1","2023-02-07 12:24:28","2023-02-07 12:24:28"
"981","27","Chomu","1","2023-02-07 12:24:48","2023-02-07 12:24:48"
"982","27","Kankaroli","1","2023-02-07 12:50:18","2023-02-07 12:50:18"
"983","27","Mahwa","1","2023-02-07 12:50:55","2023-02-07 12:50:55"
"984","27","Dholpur","1","2023-02-08 04:29:39","2023-02-08 04:29:39"
"985","27","Dausa","1","2023-02-08 04:30:00","2023-02-08 04:30:00"
"986","27","Fatehpur Shekhawati","1","2023-02-08 04:31:37","2023-02-08 04:31:37"
"987","27","Sawai Madhopur","1","2023-02-08 04:31:51","2023-02-08 04:31:51"
"988","27","Churu","1","2023-02-08 04:32:18","2023-02-08 04:32:18"
"989","27","Palsana","1","2023-02-08 04:32:48","2023-02-08 04:32:48"
"990","27","kishangarh","1","2023-02-08 04:33:18","2023-02-08 04:33:18"
"991","27","Chitri","1","2023-02-08 04:34:24","2023-02-08 04:34:24"
"992","27","Pushkar","1","2023-02-08 04:36:23","2023-02-08 04:36:23"
"993","27","Galiyakot","1","2023-02-08 04:36:52","2023-02-08 04:36:52"
"994","27","Sagwara","1","2023-02-08 04:37:19","2023-02-08 04:37:19"
"995","27","Dhariawad","1","2023-02-08 04:37:41","2023-02-08 04:37:41"
"996","27","Bhiwadi","1","2023-02-08 04:38:23","2023-02-08 04:38:23"
"997","27","Tonk","1","2023-02-08 04:38:47","2023-02-08 04:38:47"
"998","27","Jhunjhunu","1","2023-02-08 05:00:14","2023-02-08 05:00:14"
"999","27","Jalore","1","2023-02-15 06:39:59","2023-02-15 06:39:59"
"1002","14","Solan","1","2023-02-22 07:05:37","2023-02-22 07:05:37"
"1003","14","Kotkhai","1","2023-02-23 04:42:49","2023-02-23 04:42:49"
"1004","34","Barddhaman","1","2023-04-11 05:00:17","2023-04-11 05:00:17"
"1005","34","Habra","1","2023-04-11 05:03:22","2023-04-11 05:03:22"
"1006","34","Malda","1","2023-04-11 05:03:41","2023-04-11 05:03:41"
"1007","34","Bolpur","1","2023-04-11 05:04:28","2023-04-11 05:04:28"
"1008","34","Chowranghee","1","2023-04-11 05:06:51","2023-04-11 05:06:51"
"1009","34","Raiganj","1","2023-04-11 05:07:13","2023-04-11 05:07:13"
"1010","34","Dum Dum","1","2023-04-11 05:07:37","2023-04-11 05:07:37"
"1011","34","Rupnarayanpur","1","2023-04-11 05:07:57","2023-04-11 05:07:57"
"1012","34","Baruipur","1","2023-04-11 05:08:15","2023-04-11 05:08:15"
"1013","34","Sainthia","1","2023-04-11 05:08:42","2023-04-11 05:08:42"
"1014","34","Tarakeswar","1","2023-04-11 05:09:33","2023-04-11 05:09:33"
"1015","34","Kakdwip","1","2023-04-11 05:09:57","2023-04-11 05:09:57"
"1016","34","Ranaghat","1","2023-04-11 05:10:29","2023-04-11 05:10:29"
"1017","34","Bongaon","1","2023-04-11 05:10:49","2023-04-11 05:10:49"
"1018","34","Bibirhat","1","2023-04-11 05:11:15","2023-04-11 05:11:15"
"1019","34","Kanchrapara","1","2023-04-11 05:11:37","2023-04-11 05:11:37"
"1020","34","Port Blair","1","2023-04-11 05:12:59","2023-04-11 05:27:36"
"1021","34","Jiaganj","1","2023-04-11 05:13:15","2023-04-11 05:29:35"
"1022","34","Burdwan","1","2023-04-11 05:13:36","2023-04-11 05:13:36"
"1023","34","Balurghat","1","2023-04-11 05:14:03","2023-04-11 05:14:03"
"1024","34","Serampore","1","2023-04-11 05:14:33","2023-04-11 05:14:33"
"1025","34","Barrackpur","1","2023-04-11 05:14:56","2023-04-11 05:14:56"
"1026","34","Chunchura","1","2023-04-11 05:15:11","2023-04-11 05:15:11"
"1027","34","Berhampur","1","2023-04-11 05:15:31","2023-04-11 05:15:31"
"1028","34","Naihati","1","2023-04-11 05:15:46","2023-04-11 05:19:28"
"1029","34","Krishnanagar","1","2023-04-11 05:15:59","2023-04-11 05:15:59"
"1030","34","English Bazar","1","2023-04-11 05:16:10","2023-04-11 05:16:10"
"1031","34","Nabadwip","1","2023-04-11 05:16:24","2023-04-11 05:16:24"
"1032","34","Baliadanga","1","2023-04-11 05:20:08","2023-04-11 05:20:08"
"1033","34","Shyamnagar","1","2023-04-11 05:21:07","2023-04-11 05:21:07"
"1034","34","Babupur","1","2023-04-11 05:21:40","2023-04-11 05:21:40"
"1035","34","South Andaman","1","2023-04-11 05:22:12","2023-04-11 05:22:12"
"1036","34","Arambagh","1","2023-04-11 05:22:43","2023-04-11 05:22:43"
"1037","34","Sreerampur","1","2023-04-11 05:23:33","2023-04-11 05:23:33"
"1038","34","Madhyamgram","1","2023-04-11 05:23:57","2023-04-11 05:23:57"
"1039","34","Beleghata","1","2023-04-11 05:24:19","2023-04-11 05:24:19"
"1040","34","Nalhati","1","2023-04-11 05:25:34","2023-04-11 05:25:34"
"1041","34","Durgapur Purba","1","2023-04-11 05:25:51","2023-04-11 05:25:51"
"1042","34","Neamatpur","1","2023-04-11 05:26:03","2023-04-11 05:26:03"
"1043","34","Khanakul","1","2023-04-11 05:26:21","2023-04-11 05:26:21"
"1044","34","Panihati","1","2023-04-11 05:27:56","2023-04-11 05:27:56"
"1045","34","Ukra","1","2023-04-11 05:32:37","2023-04-11 05:32:37"
"1046","34","Kaliyaganj","1","2023-04-11 05:32:49","2023-04-11 05:32:49"
"1047","34","Bhangar","1","2023-04-11 05:33:30","2023-04-11 05:33:30"
"1048","34","Baranagar","1","2023-04-11 05:34:17","2023-04-11 05:34:17"
"1050","34","Dalkhola","1","2023-04-11 05:35:04","2023-04-11 05:35:04"
"1051","34","Jaigaon","1","2023-04-11 05:35:34","2023-04-11 05:35:34"
"1052","34","Falakata","1","2023-04-11 05:36:00","2023-04-11 05:36:00"
"1053","34","Dinhatta","1","2023-04-11 05:36:24","2023-04-11 05:36:24"
"1054","34","Sikkim","1","2023-04-11 05:36:44","2023-04-11 05:36:44"
"1055","34","Coochbehar","1","2023-04-11 05:36:55","2023-04-11 05:36:55"
"1056","34","Tufanganj","1","2023-04-11 05:37:12","2023-04-11 05:37:12"
"1057","34","Alipurduar","1","2023-04-11 05:37:22","2023-04-11 05:37:22"
"1058","34","Jalpaiguri","1","2023-04-11 05:37:40","2023-04-11 05:37:40"
"1059","34","Islampur","1","2023-04-11 05:38:10","2023-04-11 05:38:10"
"1060","34","Cooch Behar (Dakshin)","1","2023-04-11 05:38:33","2023-04-11 05:38:33"
"1061","34","Kalimpong","1","2023-04-11 05:39:13","2023-04-11 05:39:13"
"1063","34","Ramsagar","1","2023-04-11 05:39:50","2023-04-11 05:39:50"
"1064","34","Chandrakona","1","2023-04-11 05:40:23","2023-04-11 05:40:23"
"1065","34","Contai","1","2023-04-11 05:40:43","2023-04-11 05:40:43"
"1066","34","Panskura","1","2023-04-11 05:41:04","2023-04-11 05:41:04"
"1067","34","Kathjuridanga","1","2023-04-11 05:41:15","2023-04-11 05:41:15"
"1068","34","Haldia","1","2023-04-11 05:41:26","2023-04-11 05:41:26"
"1069","34","Mecheda","1","2023-04-11 05:41:41","2023-04-11 05:41:41"
"1070","34","Shyamsunderpur","1","2023-04-11 05:42:46","2023-04-11 05:42:46"
"1071","34","Mindnapore","1","2023-04-11 05:43:11","2023-04-11 05:43:11"
"1072","34","Purulia","1","2023-04-11 05:43:33","2023-04-11 05:43:33"
"1073","34","Ghatal","1","2023-04-11 05:43:59","2023-04-11 05:43:59"
"1074","34","Baghmundi","1","2023-04-11 05:44:40","2023-04-11 05:44:40"
"1075","34","Bankura","1","2023-04-11 05:45:01","2023-04-11 05:45:01"
"1076","34","Salboni","1","2023-04-11 05:45:33","2023-04-11 05:45:33"
"1077","33","Roorkee","1","2023-04-11 05:47:40","2023-04-11 05:47:40"
"1078","33","Jwalapur","1","2023-04-11 05:48:30","2023-04-11 05:48:30"
"1079","33","Khatima","1","2023-04-11 05:49:05","2023-04-11 05:49:05"
"1080","33","Bajpur","1","2023-04-11 05:50:22","2023-04-11 05:50:22"
"1081","32","Modinagar","1","2023-04-11 05:52:42","2023-04-11 05:52:42"
"1082","32","Moradabad","1","2023-04-11 05:53:06","2023-04-11 05:53:06"
"1083","32","Jhansi","1","2023-04-11 05:54:09","2023-04-11 05:54:09"
"1084","32","Mahoba","1","2023-04-11 05:55:35","2023-04-11 05:55:35"
"1085","32","Lalitpur","1","2023-04-11 05:56:14","2023-04-11 05:56:14"
"1086","32","Saharanpur","1","2023-04-11 05:56:59","2023-04-11 05:56:59"
"1087","32","Firozabad","1","2023-04-11 05:58:13","2023-04-11 05:58:13"
"1088","32","Najibabad","1","2023-04-11 05:59:09","2023-04-11 05:59:09"
"1089","32","Baraut","1","2023-04-11 06:00:16","2023-04-11 06:00:16"
"1090","32","Chandausi","1","2023-04-11 06:00:45","2023-04-11 06:00:45"
"1091","32","Orai","1","2023-04-11 06:01:27","2023-04-11 06:01:27"
"1092","26","Hamirpur","1","2023-04-11 06:03:24","2023-04-11 06:03:24"
"1093","26","Bhawanigarh","1","2023-04-11 06:05:16","2023-04-11 06:05:16"
"1094","26","Mohali","1","2023-04-11 06:05:36","2023-04-11 06:05:36"
"1095","26","Barnala","1","2023-04-11 06:05:52","2023-04-11 06:05:52"
"1096","26","Sas Nagar","1","2023-04-11 06:06:10","2023-04-11 06:06:10"
"1097","26","Zirakpur","1","2023-04-11 06:06:43","2023-04-11 06:06:43"
"1098","26","Patran","1","2023-04-11 06:07:25","2023-04-11 06:07:25"
"1099","26","Sangrur","1","2023-04-11 06:07:59","2023-04-11 06:07:59"
"1100","26","Sunam","1","2023-04-11 06:08:30","2023-04-11 06:08:30"
"1101","26","Nabha","1","2023-04-11 06:08:48","2023-04-11 06:08:48"
"1102","26","Samana","1","2023-04-11 06:09:33","2023-04-11 06:09:33"
"1103","26","Bherampur Bet","1","2023-04-11 06:10:12","2023-04-11 06:10:12"
"1104","26","Sirhind","1","2023-04-11 06:10:43","2023-04-11 06:10:43"
"1105","26","Kharar","1","2023-04-11 06:11:06","2023-04-11 06:11:06"
"1106","26","Bhatinda","1","2023-04-11 06:11:35","2023-04-11 06:11:35"
"1107","26","Khanna","1","2023-04-11 06:11:55","2023-04-11 06:11:55"
"1108","26","Moga","1","2023-04-11 06:12:14","2023-04-11 06:12:14"
"1109","26","Malerkotla","1","2023-04-11 06:12:32","2023-04-11 06:12:32"
"1110","26","Firozpur","1","2023-04-11 06:13:19","2023-04-11 06:13:19"
"1111","26","Jalalabad","1","2023-04-11 06:13:39","2023-04-11 06:13:39"
"1112","26","Nihal Singh Wala","1","2023-04-11 06:14:01","2023-04-11 06:14:01"
"1113","26","Faridkot","1","2023-04-11 06:14:15","2023-04-11 06:14:15"
"1114","26","Bhikhi","1","2023-04-11 06:14:39","2023-04-11 06:14:39"
"1115","26","Fazilka","1","2023-04-11 06:15:11","2023-04-11 06:15:11"
"1116","26","Hambran","1","2023-04-11 06:15:31","2023-04-11 06:15:31"
"1117","26","Fatehgarh Churian","1","2023-04-11 06:16:02","2023-04-11 06:16:02"
"1118","26","Sri Hargobindpur","1","2023-04-11 06:16:37","2023-04-11 06:22:57"
"1119","26","Mukerian","1","2023-04-11 06:17:06","2023-04-11 06:17:06"
"1120","26","Sultanpur Lodhi","1","2023-04-11 06:17:21","2023-04-11 06:17:21"
"1121","26","Nakodar","1","2023-04-11 06:18:04","2023-04-11 06:18:04"
"1122","26","Banga","1","2023-04-11 06:18:44","2023-04-11 06:18:44"
"1123","26","Hoshiarpur","1","2023-04-11 06:19:07","2023-04-11 06:19:07"
"1124","26","Kapurthla","1","2023-04-11 06:19:32","2023-04-11 06:19:32"
"1125","26","Dhariwal","1","2023-04-11 06:19:59","2023-04-11 06:19:59"
"1126","26","Kapurthala","1","2023-04-11 06:20:43","2023-04-11 06:20:43"
"1127","26","Phagwara","1","2023-04-11 06:21:05","2023-04-11 06:21:05"
"1129","15","Anantnag","1","2023-04-11 06:38:21","2023-04-11 06:38:21"
"1130","15","Nowgam","1","2023-04-11 06:38:50","2023-04-11 06:38:50"
"1131","15","Hyderpora Bye Pass","1","2023-04-11 06:39:16","2023-04-11 06:39:16"
"1132","15","Shopian","1","2023-04-11 06:39:32","2023-04-11 06:39:32"
"1133","15","Samba","1","2023-04-11 06:40:00","2023-04-11 06:40:00"
"1134","15","Hiranagar","1","2023-04-11 06:40:47","2023-04-11 06:40:47"
"1135","15","Udhampur","1","2023-04-11 06:41:00","2023-04-11 06:41:00"
"1136","15","Vijaypur","1","2023-04-11 06:42:11","2023-04-11 06:42:11"
"1137","15","kathua","1","2023-04-11 06:42:44","2023-04-11 06:42:44"
"1138","15","Gandhinagar","1","2023-04-11 06:42:59","2023-04-11 06:42:59"
"1139","15","Dewal","1","2023-04-11 06:43:13","2023-04-11 06:43:13"
"1140","15","Greater kailash","1","2023-04-11 06:44:19","2023-04-11 06:44:19"
"1141","14","Gaggal","1","2023-04-11 06:44:38","2023-04-11 06:45:04"
"1142","14","Chamba","1","2023-04-11 06:46:42","2023-04-11 06:46:42"
"1143","14","Tarkwari","1","2023-04-11 06:47:09","2023-04-11 06:47:09"
"1144","14","Jassur","1","2023-04-11 06:47:49","2023-04-11 06:47:49"
"1145","14","Nadaun","1","2023-04-11 06:48:46","2023-04-11 06:48:46"
"1146","15","Leh","1","2023-04-11 06:49:15","2023-04-11 06:49:15"
"1147","9","Hailakandi","1","2023-04-11 06:55:56","2023-04-11 06:55:56"
"1148","9","Tinsukia","1","2023-04-11 07:02:27","2023-04-11 07:02:27"
"1149","9","Bongaigaon","1","2023-04-11 07:02:41","2023-04-11 07:02:41"
"1150","9","Sivasagar","1","2023-04-11 07:03:28","2023-04-11 07:03:28"
"1151","9","Dhubri","1","2023-04-11 07:03:38","2023-04-11 07:03:38"
"1152","9","Golaghat","1","2023-04-11 07:04:08","2023-04-11 07:04:08"
"1153","9","Barpeta","1","2023-04-11 07:04:26","2023-04-11 07:04:26"
"1154","9","Karimganj","1","2023-04-11 07:04:54","2023-04-11 07:04:54"
"1155","9","Duliajan","1","2023-04-11 07:05:51","2023-04-11 07:05:51"
"1156","9","Moranhat","1","2023-04-11 07:06:17","2023-04-11 07:06:17"
"1157","9","Jorhat","1","2023-04-11 07:06:55","2023-04-11 07:06:55"
"1158","9","Dhemaji","1","2023-04-11 07:07:47","2023-04-11 07:07:47"
"1159","9","Tezpur","1","2023-04-11 07:08:11","2023-04-11 07:08:11"
"1160","9","Rangia","1","2023-04-11 07:08:21","2023-04-11 07:08:21"
"1161","9","Nagaon","1","2023-04-11 07:08:36","2023-04-11 07:08:36"
"1162","9","Biswanath Chariali","1","2023-04-11 07:09:17","2023-04-11 07:09:17"
"1163","9","Dibrugarh","1","2023-04-11 07:10:03","2023-04-11 07:10:03"
"1164","9","Hojai","1","2023-04-11 07:10:44","2023-04-11 07:10:44"
"1165","9","Nalbari","1","2023-04-11 07:11:01","2023-04-11 07:11:01"
"1166","9","Lakhimpur","1","2023-04-11 07:11:22","2023-04-11 07:11:22"
"1167","9","Kokrajhar","1","2023-04-11 07:11:35","2023-04-11 07:11:35"
"1168","9","Gauhati East","1","2023-04-11 07:11:48","2023-04-11 07:11:48"
"1169","20","Kandivali (west)","1","2023-04-11 07:14:56","2023-04-11 07:14:56"
"1170","17","Udupi","1","2023-04-11 07:17:23","2023-04-11 07:17:23"
"1171","29","Choolai, Chennai","1","2023-04-11 07:18:33","2023-04-11 07:18:33"
"1172","29","Parktown, Chennai","1","2023-04-11 07:19:04","2023-04-11 07:19:04"
"1173","29","Egmore, Chennai","1","2023-04-11 07:19:20","2023-04-11 07:19:20"
"1174","29","Ambattur, Chennai","1","2023-04-11 07:19:52","2023-04-11 07:19:52"
"1175","29","Maduravoyal, Chennai","1","2023-04-11 07:20:07","2023-04-11 07:20:07"
"1176","29","Mogappair, Chennai","1","2023-04-11 07:20:38","2023-04-11 07:20:38"
"1177","29","Mathur, Chennai","1","2023-04-11 07:20:54","2023-04-11 07:20:54"
"1178","29","Arumbakkam, Chennai","1","2023-04-11 07:21:11","2023-04-11 07:21:11"
"1179","29","Ponneri, Chennai","1","2023-04-11 07:21:44","2023-04-11 07:21:44"
"1180","29","Sti.Thomas Mount, Chennai","1","2023-04-11 07:21:59","2023-04-11 07:21:59"
"1181","29","Kodambakkam, Chennai","1","2023-04-11 07:22:17","2023-04-11 07:22:17"
"1182","29","Porur, Chennai","1","2023-04-11 07:23:01","2023-04-11 07:23:01"
"1183","29","Chennai, Alapakkam","1","2023-04-11 07:23:38","2023-04-11 07:23:38"
"1184","29","Perungalathur, Chennai","1","2023-04-11 07:24:30","2023-04-11 07:24:30"
"1185","29","Ashoknagar, Chennai","1","2023-04-11 07:24:49","2023-04-11 07:24:49"
"1186","29","Valasaravakkam, Chennai","1","2023-04-11 07:25:05","2023-04-11 07:25:05"
"1187","29","Thiruvanmiyur, Chennai","1","2023-04-11 07:25:38","2023-04-11 07:26:57"
"1188","29","Mylapore, Chennai","1","2023-04-11 07:26:03","2023-04-11 07:26:03"
"1189","29","T.Nagar, Chennai","1","2023-04-11 07:27:11","2023-04-11 07:27:11"
"1190","29","Nanganallur, Chennai","1","2023-04-11 07:27:25","2023-04-11 07:27:25"
"1191","29","Medavakkam, Chennai","1","2023-04-11 07:27:47","2023-04-11 07:27:47"
"1192","29","Pallikaranai, Chennai","1","2023-04-11 07:28:33","2023-04-11 07:28:33"
"1193","29","Sithalapakkam, Chennai","1","2023-04-11 07:28:47","2023-04-11 07:28:47"
"1194","29","Kanchipuram","1","2023-04-11 07:29:09","2023-04-11 07:29:09"
"1195","29","Rajakilpakkam","1","2023-04-11 07:29:22","2023-04-11 07:29:22"
"1196","29","Pallavaram, Chennai","1","2023-04-11 07:29:37","2023-04-11 07:29:37"
"1197","29","Hasthinapuram, Chennai","1","2023-04-11 07:30:21","2023-04-11 07:30:21"
"1198","29","Paduvancherry","1","2023-04-11 07:30:49","2023-04-11 07:30:49"
"1199","29","Chengalpattu","1","2023-04-11 07:31:01","2023-04-11 07:31:01"
"1200","29","Selaiyur","1","2023-04-11 07:31:12","2023-04-11 07:31:12"
"1201","29","Chengalpet","1","2023-04-11 07:31:24","2023-04-11 07:31:24"
"1202","29","West Tambaram, Chennai","1","2023-04-11 07:31:44","2023-04-11 07:31:44"
"1203","29","Maraimalai Nagar","1","2023-04-11 07:31:59","2023-04-11 07:31:59"
"1204","29","Tiruvannamalai","1","2023-04-11 07:32:24","2023-04-11 07:32:24"
"1205","29","Vellore","1","2023-04-11 07:32:41","2023-04-11 07:32:41"
"1206","29","Arcot","1","2023-04-11 07:32:56","2023-04-11 07:32:56"
"1207","29","Walajapet","1","2023-04-11 07:33:08","2023-04-11 07:33:08"
"1208","29","Anaicut","1","2023-04-11 07:33:20","2023-04-11 07:33:20"
"1209","29","Pondicherry","1","2023-04-11 07:37:44","2023-04-11 07:37:44"
"1210","29","Villupuram","1","2023-04-11 07:38:17","2023-04-11 07:38:17"
"1211","29","Cuddalore","1","2023-04-11 07:38:31","2023-04-11 07:38:31"
"1212","29","Chinnasalem","1","2023-04-11 07:38:44","2023-04-11 07:38:44"
"1213","29","Virudhachalam","1","2023-04-11 07:39:07","2023-04-11 07:39:07"
"1214","29","Chidambaram","1","2023-04-11 07:39:22","2023-04-11 07:39:22"
"1215","29","Kallakurichi","1","2023-04-11 07:39:35","2023-04-11 07:39:35"
"1216","29","Tindivanam","1","2023-04-11 07:39:50","2023-04-11 07:39:50"
"1217","29","Vadakuthu","1","2023-04-11 07:40:31","2023-04-11 07:40:31"
"1218","29","Trichy","1","2023-04-11 07:40:52","2023-04-11 07:40:52"
"1219","29","Ariyalur","1","2023-04-11 07:41:03","2023-04-11 07:41:03"
"1220","29","Perambalur","1","2023-04-11 07:41:18","2023-04-11 07:41:18"
"1221","29","Pudukkottai","1","2023-04-11 07:41:30","2023-04-11 07:41:30"
"1222","29","Aranthangi","1","2023-04-11 07:41:41","2023-04-11 07:41:41"
"1223","29","Ayyampettai","1","2023-04-11 07:42:04","2023-04-11 07:42:04"
"1224","29","Thanjavur","1","2023-04-11 07:42:16","2023-04-11 07:42:16"
"1225","29","Thiruvarur","1","2023-04-11 07:42:42","2023-04-11 07:42:42"
"1226","29","Nagapattinam","1","2023-04-11 07:43:02","2023-04-11 07:43:02"
"1227","29","Kumbakonam","1","2023-04-11 07:43:15","2023-04-11 07:43:15"
"1228","29","Peravurani","1","2023-04-11 07:43:40","2023-04-11 07:43:40"
"1229","29","Karaikal","1","2023-04-11 07:44:01","2023-04-11 07:44:01"
"1230","29","Mannargudi","1","2023-04-11 07:44:15","2023-04-11 07:44:15"
"1231","29","Mayiladuthurai","1","2023-04-11 07:44:27","2023-04-11 07:44:27"
"1232","29","Sulur","1","2023-04-11 07:45:15","2023-04-11 07:45:15"
"1233","29","Perundurai","1","2023-04-11 07:46:03","2023-04-11 07:46:03"
"1234","29","Sivagiri","1","2023-04-11 07:46:24","2023-04-11 07:46:24"
"1235","29","Thindal","1","2023-04-11 07:47:01","2023-04-11 07:47:01"
"1236","29","Edappadi","1","2023-04-11 07:48:00","2023-04-11 07:48:00"
"1237","29","Dharamapuri","1","2023-04-11 07:48:41","2023-04-11 07:48:41"
"1239","29","Palacode","1","2023-04-11 07:49:15","2023-04-11 07:49:15"
"1240","29","Harur","1","2023-04-11 07:49:46","2023-04-11 07:49:46"
"1241","29","Uthangarai","1","2023-04-11 07:50:36","2023-04-11 07:50:36"
"1242","29","Kelamangalam","1","2023-04-11 07:52:13","2023-04-11 07:52:13"
"1244","29","Avinashi","1","2023-04-11 07:53:39","2023-04-11 07:53:39"
"1245","29","Dharapuram","1","2023-04-11 07:54:30","2023-04-11 07:54:30"
"1246","29","Rasipuram","1","2023-04-11 07:55:08","2023-04-11 07:55:08"
"1247","29","Nilgiris","1","2023-04-11 07:55:27","2023-04-11 07:55:27"
"1248","29","Gobichettipalayam","1","2023-04-11 07:56:40","2023-04-11 07:56:40"
"1249","29","Ramanathapuram","1","2023-04-11 07:58:18","2023-04-11 07:58:18"
"1250","29","Palani","1","2023-04-11 07:59:01","2023-04-11 07:59:01"
"1251","29","Theni","1","2023-04-11 08:00:16","2023-04-11 08:00:16"
"1252","29","Sivagangai","1","2023-04-11 08:00:55","2023-04-11 08:00:55"
"1253","29","Karaikudi","1","2023-04-11 08:02:06","2023-04-11 08:02:06"
"1254","29","Cumbum","1","2023-04-11 08:02:41","2023-04-11 08:02:41"
"1255","29","Mulagumoodu","1","2023-04-11 08:03:10","2023-04-11 08:03:10"
"1256","29","Tuticorin","1","2023-04-11 08:03:36","2023-04-11 08:03:36"
"1257","29","Tirunelveli","1","2023-04-11 08:04:10","2023-04-11 08:04:10"
"1258","29","Sivakasi","1","2023-04-11 08:04:33","2023-04-11 08:04:33"
"1259","29","Puliyankudi","1","2023-04-11 08:05:01","2023-04-11 08:05:01"
"1260","29","Kulathur","1","2023-04-11 08:05:13","2023-04-11 08:05:13"
"1261","29","Kanyakumari","1","2023-04-11 08:05:45","2023-04-11 08:05:45"
"1262","29","Nagercoil","1","2023-04-11 08:06:18","2023-04-11 08:06:18"
"1263","18","Alappuzha","1","2023-04-11 08:10:36","2023-04-11 08:10:36"
"1265","18","Pathanamthitta","1","2023-04-11 08:15:56","2023-04-11 08:15:56"
"1266","18","Vallakadavu","1","2023-04-11 08:16:24","2023-04-11 08:16:24"
"1267","18","Kollam","1","2023-04-11 08:17:07","2023-04-11 08:17:07"
"1268","18","Chalai","1","2023-04-11 08:17:33","2023-04-11 08:17:33"
"1269","18","Adoor","1","2023-04-11 08:17:54","2023-04-11 08:17:54"
"1270","18","Thiruvalla","1","2023-04-11 08:18:37","2023-04-11 08:18:37"
"1271","18","Kayamkulam","1","2023-04-11 08:19:38","2023-04-11 08:19:38"
"1272","18","Kottarakakra","1","2023-04-11 08:20:02","2023-04-11 08:20:02"
"1273","18","Katakada","1","2023-04-11 08:20:25","2023-04-11 08:20:25"
"1274","18","Karamana","1","2023-04-11 08:20:50","2023-04-11 08:20:50"
"1275","18","Pallimukku","1","2023-04-11 08:21:28","2023-04-11 08:21:28"
"1276","18","Kalluvathukkal","1","2023-04-11 08:22:15","2023-04-11 08:22:15"
"1277","18","Mayyanadu","1","2023-04-11 08:22:49","2023-04-11 08:22:49"
"1278","18","Enathu","1","2023-04-11 08:23:16","2023-04-11 08:23:16"
"1279","18","Neyyattinkara","1","2023-04-11 08:24:07","2023-04-11 08:24:07"
"1280","18","Karunagapally","1","2023-04-11 08:24:49","2023-04-11 08:24:49"
"1281","18","Attingal","1","2023-04-11 08:25:24","2023-04-11 08:25:24"
"1282","18","Bharanikavu","1","2023-04-11 08:26:05","2023-04-11 08:26:05"
"1283","18","Aranmula","1","2023-04-11 08:26:34","2023-04-11 08:26:34"
"1284","18","Nedumangadu","1","2023-04-11 08:27:04","2023-04-11 08:27:04"
"1285","18","Ezhamkulam","1","2023-04-11 09:11:16","2023-04-11 09:11:16"
"1286","18","Pettah","1","2023-04-11 09:11:42","2023-04-11 09:11:42"
"1287","18","Vembayam","1","2023-04-11 09:12:07","2023-04-11 09:12:07"
"1288","18","Thattarkonam","1","2023-04-11 09:12:39","2023-04-11 09:12:39"
"1289","18","Nullipady","1","2023-04-11 09:13:11","2023-04-11 09:13:11"
"1290","18","Kannur","1","2023-04-11 09:14:05","2023-04-11 09:14:05"
"1291","18","Mattanur","1","2023-04-11 09:14:33","2023-04-11 09:14:33"
"1292","18","South Bazar","1","2023-04-11 09:14:57","2023-04-11 09:14:57"
"1293","18","Nadapuram","1","2023-04-11 09:15:24","2023-04-11 09:15:24"
"1294","18","Thalassery","1","2023-04-11 09:16:32","2023-04-11 09:16:32"
"1295","18","New Mahi","1","2023-04-11 09:16:54","2023-04-11 09:16:54"
"1296","18","Kalapatta","1","2023-04-11 09:17:05","2023-04-11 09:17:05"
"1297","18","Thammanam","1","2023-04-11 09:17:44","2023-04-11 09:17:44"
"1298","18","Kacherippady","1","2023-04-11 09:18:17","2023-04-11 09:18:17"
"1299","18","Palarivattom","1","2023-04-11 09:18:47","2023-04-11 09:18:47"
"1300","18","Angamaly","1","2023-04-11 09:19:13","2023-04-11 09:19:13"
"1301","18","Edapally","1","2023-04-11 09:19:36","2023-04-11 09:19:36"
"1302","18","kalady","1","2023-04-11 09:19:57","2023-04-11 09:19:57"
"1303","18","Erattupetta","1","2023-04-11 09:20:28","2023-04-11 09:20:28"
"1304","18","Perumthuruthy","1","2023-04-11 09:21:03","2023-04-11 09:21:03"
"1305","18","Kalathode","1","2023-04-11 09:21:46","2023-04-11 09:21:46"
"1306","18","Triprayar","1","2023-04-11 09:23:53","2023-04-11 09:23:53"
"1307","18","Trikkakara","1","2023-04-11 09:24:40","2023-04-11 09:24:40"
"1308","18","Poovarany","1","2023-04-11 09:29:18","2023-04-11 09:29:18"
"1309","18","Kaloor","1","2023-04-11 09:30:05","2023-04-11 09:30:05"
"1310","18","Arookutty","1","2023-04-11 09:30:36","2023-04-11 09:30:36"
"1311","18","Ettumanoor","1","2023-04-11 09:31:05","2023-04-11 09:31:05"
"1312","18","Chalakudy","1","2023-04-11 09:31:29","2023-04-11 09:31:29"
"1313","18","Thrissur","1","2023-04-11 09:31:50","2023-04-11 09:31:50"
"1314","18","Kuttur","1","2023-04-11 09:32:11","2023-04-11 09:32:11"
"1315","18","Kottappadi","1","2023-04-11 09:32:47","2023-04-11 09:32:47"
"1316","18","Thodupuzha","1","2023-04-11 09:33:24","2023-04-11 09:33:24"
"1317","18","Kottayam","1","2023-04-11 09:34:26","2023-04-11 09:34:26"
"1318","18","Pazhayannur","1","2023-04-11 09:34:58","2023-04-11 09:34:58"
"1319","18","Kuruvilassery","1","2023-04-11 09:35:23","2023-04-11 09:35:23"
"1320","18","Kunnamkulam","1","2023-04-11 09:35:36","2023-04-11 09:35:36"
"1321","18","Thrikkakara","1","2023-04-11 09:35:55","2023-04-11 09:35:55"
"1322","18","Kottakkal","1","2023-04-11 09:36:35","2023-04-11 09:36:35"
"1323","18","Calicut","1","2023-04-11 09:36:58","2023-04-11 09:36:58"
"1324","18","Kunnamangalam","1","2023-04-11 09:37:29","2023-04-11 09:37:29"
"1325","18","Kalmandapam","1","2023-04-11 09:37:52","2023-04-11 09:37:52"
"1326","18","Manapadi","1","2023-04-11 09:38:34","2023-04-11 09:38:34"
"1327","18","Perambra","1","2023-04-11 09:39:00","2023-04-11 09:39:00"
"1328","18","Kanhipura","1","2023-04-11 09:39:23","2023-04-11 09:39:23"
"1329","18","Kondotty","1","2023-04-11 09:39:46","2023-04-11 09:39:46"
"1330","18","Ottapalam","1","2023-04-11 09:40:10","2023-04-11 09:40:10"
"1331","18","Kongad","1","2023-04-11 09:40:32","2023-04-11 09:40:32"
"1332","18","Perithalmanna","1","2023-04-11 09:41:02","2023-04-11 09:41:02"
"1333","18","Vatakara","1","2023-04-11 09:41:23","2023-04-11 09:41:23"
"1334","18","Mankavu","1","2023-04-11 09:41:48","2023-04-11 09:41:48"
"1335","18","Manapullikavu","1","2023-04-11 09:42:17","2023-04-11 09:42:17"
"1336","18","Vallapuzha","1","2023-04-11 09:42:55","2023-04-11 09:42:55"
"1337","18","Balussery","1","2023-04-11 09:43:04","2023-04-11 09:43:04"
"1338","18","Chembukkavu","1","2023-04-11 09:43:33","2023-04-11 09:43:33"
"1339","18","Killipalam","1","2023-04-11 09:43:59","2023-04-11 09:43:59"
"1340","18","Kollam","1","2023-04-11 09:44:11","2023-04-11 09:44:11"
"1341","30","Sangareddy","1","2023-04-11 09:45:50","2023-04-11 09:45:50"
"1342","30","Ida Patancheru","1","2023-04-11 09:46:12","2023-04-11 09:46:12"
"1343","30","Narsingi","1","2023-04-11 09:46:30","2023-04-11 09:46:30"
"1344","30","Warangal (East)","1","2023-04-11 09:46:53","2023-04-11 09:46:53"
"1345","30","Goshamahal","1","2023-04-11 09:47:32","2023-04-11 09:47:32"
"1346","30","Siddipet","1","2023-04-11 09:47:53","2023-04-11 09:47:53"
"1347","30","Rampur","1","2023-04-11 09:48:10","2023-04-11 09:48:10"
"1348","30","Jagtial","1","2023-04-11 09:48:44","2023-04-11 09:48:44"
"1349","30","Mancherial","1","2023-04-11 09:49:35","2023-04-11 09:49:35"
"1350","30","Mahabubnagar","1","2023-04-11 09:50:20","2023-04-11 09:50:20"
"1351","30","Nirmal","1","2023-04-11 09:50:57","2023-04-11 09:50:57"
"1352","30","Kapra","1","2023-04-11 09:51:14","2023-04-11 09:51:14"
"1353","30","Serilingampally","1","2023-04-11 09:51:35","2023-04-11 09:51:35"
"1354","30","Kamareddy","1","2023-04-11 09:51:59","2023-04-11 09:51:59"
"1355","30","Gajwel","1","2023-04-11 09:52:16","2023-04-11 09:52:16"
"1356","30","Husnabad","1","2023-04-11 09:52:49","2023-04-11 09:52:49"
"1357","30","Hanamkonda","1","2023-04-11 09:53:10","2023-04-11 09:53:10"
"1358","30","Shadnagar","1","2023-04-11 09:53:31","2023-04-11 09:53:31"
"1359","30","Kothagudem","1","2023-04-11 09:53:44","2023-04-11 09:53:44"
"1360","30","KPBH Colony, Hyderabad","1","2023-04-11 09:54:24","2023-04-11 09:54:24"
"1361","30","Jeedimetla","1","2023-04-11 09:54:40","2023-04-11 09:54:40"
"1362","30","Armoor","1","2023-04-11 09:54:55","2023-04-11 09:54:55"
"1363","30","Fathe Nagar, Hyderabad","1","2023-04-11 09:55:08","2023-04-11 09:55:08"
"1364","17","Gulbarga","1","2023-04-11 09:56:28","2023-04-11 09:56:28"
"1365","17","Raichur","1","2023-04-11 09:56:56","2023-04-11 09:56:56"
"1366","30","Davanagere","1","2023-04-11 09:57:07","2023-04-11 09:57:07"
"1367","17","Bidar","1","2023-04-11 09:57:26","2023-04-11 09:57:26"
"1368","17","Sagar","1","2023-04-11 09:57:45","2023-04-11 09:57:45"
"1369","17","Ranebennur","1","2023-04-11 09:57:58","2023-04-11 09:57:58"
"1370","17","Sindhanur","1","2023-04-11 09:58:21","2023-04-11 09:58:21"
"1371","17","Ballari","1","2023-04-11 09:58:36","2023-04-12 08:41:08"
"1372","17","Bagalkot","1","2023-04-11 09:58:53","2023-04-11 09:58:53"
"1373","17","Hosapete","1","2023-04-11 09:59:15","2023-04-11 09:59:15"
"1374","17","Mahalingpur","1","2023-04-11 09:59:46","2023-04-11 09:59:46"
"1375","17","Vijayapura","1","2023-04-11 09:59:56","2023-04-11 09:59:56"
"1376","7","Cheepurupalli","1","2023-04-11 10:01:32","2023-04-11 10:01:32"
"1377","7","Hindupur","1","2023-04-11 10:02:47","2023-04-11 10:02:47"
"1378","7","Kasibugga","2","2023-04-11 10:03:43","2023-04-11 10:03:43"
"1379","7","Kodur","1","2023-04-11 10:04:12","2023-04-11 10:04:12"
"1380","7","Parvathipuram","1","2023-04-11 10:06:07","2023-04-11 10:06:07"
"1381","7","Tatipaka","1","2023-04-11 10:07:42","2023-04-11 10:07:42"
"1382","7","Vinukonda","1","2023-04-11 10:08:30","2023-04-11 10:08:30"
"1383","31","Agartala","1","2023-04-12 05:15:30","2023-04-12 05:15:30"
"1384","31","Dharmanagar","1","2023-04-12 05:16:26","2023-04-12 05:16:26"
"1385","22","Shillong","1","2023-04-12 05:16:51","2023-04-12 05:16:51"
"1386","8","Papum Pare","1","2023-04-12 05:17:28","2023-04-12 05:17:28"
"1387","34","Sonarpur","1","2023-04-12 05:44:09","2023-04-12 05:44:09"
"1388","26","Manimajra","1","2023-04-12 07:05:57","2023-04-12 07:05:57"
"1389","26","Bathinda","1","2023-04-12 07:11:17","2023-04-12 07:11:17"
"1390","18","Pathirapala","1","2023-04-12 08:39:28","2023-04-12 08:39:28"
"1391","27","Nagaur","1","2023-05-02 11:38:37","2023-05-02 11:38:37"
"1392","27","Sheoganj","1","2023-05-02 11:39:47","2023-05-02 11:39:47"
"1393","27","Bhawani Mandi","1","2023-05-02 11:40:25","2023-05-02 11:40:25"
"1394","27","Jaitsar","1","2023-05-02 11:40:50","2023-05-02 11:40:50"
"1395","27","Reodar","1","2023-05-02 11:42:32","2023-05-02 11:42:32"
"1396","27","Bharatpur","1","2023-05-02 11:43:11","2023-05-02 11:43:11"
"1397","27","Bidasar","1","2023-05-02 11:43:48","2023-05-02 11:43:48"
"1398","27","Bar","1","2023-05-02 11:48:18","2023-05-02 11:48:18"
"1399","19","Sidhi","1","2023-07-17 13:56:19","2023-07-17 13:56:19"
"1400","43","Bangalore","1","2023-11-08 16:20:00","2023-11-08 16:20:00"
"1401","5","Jagadhri","1","2023-11-08 17:37:30","2023-11-08 17:37:30"
"1402","5","Narnaul","1","2023-11-08 17:38:32","2023-11-08 17:38:32"
"1403","5","Pehowa","1","2023-11-08 17:39:01","2023-11-08 17:39:01"
"1404","32","Bansi","1","2023-11-08 17:40:05","2023-11-08 17:40:05"
"1405","43","Mysuru","1","2023-11-08 17:45:34","2023-11-08 17:45:34"
"1406","17","Davangere","1","2023-11-08 17:49:55","2023-11-08 17:49:55"
"1407","17","Dharwad","1","2023-11-08 17:50:39","2023-11-08 17:50:39"
"1408","30","Medchal","1","2023-11-08 17:51:16","2023-11-08 17:51:16"
"1409","7","Vishakapatnam","2","2023-11-08 17:52:50","2023-11-08 17:52:50"
"1410","13","Ahemdabad","2","2023-11-08 17:53:20","2023-11-08 17:53:20"
"1411","18","Tripunithura","1","2023-04-11 09:44:11","2023-04-11 09:44:11"
"1412","18","Ponnurunni","1","2023-04-11 09:44:11","2023-04-11 09:44:11"
"1413","18","Wadakkancherry","1","2023-04-11 09:44:11","2023-04-11 09:44:11"
"1414","18","Alathur","1","2023-04-11 09:44:11","2023-04-11 09:44:11"
"1415","19","Shahdol","1","2024-03-08 11:03:01","2024-03-08 11:03:01"
"1416","7","Akividu","1","2024-04-29 12:09:50","2024-04-29 12:10:11"
"1417","7","Atmakur","1","2024-04-29 12:10:40","2024-04-29 12:10:48"
"1418","7","Darsi","1","2024-04-29 12:55:06","2024-04-29 12:55:23"
"1419","7","Giddalur","1","2024-04-29 12:55:35","2024-04-29 12:55:44"
"1420","7","Gooty","1","2024-04-29 12:55:47","2024-04-29 12:56:00"
"1421","7","Gorantla","1","2024-04-29 12:56:02","2024-04-29 12:56:18"
"1422","7","Gudivada","1","2024-04-29 12:56:21","2024-04-29 12:56:32"
"1423","7","Jaggaiahpet","1","2024-04-29 12:56:33","2024-04-29 12:56:50"
"1424","7","Jammalamadugu","1","2024-04-29 12:56:57","2024-04-29 12:57:05"
"1425","7","Jangareddy Gudem","1","2024-04-29 12:57:06","2024-04-29 12:57:22"
"1426","7","Kadiri","1","2024-04-29 12:57:25","2024-04-29 12:57:37"
"1427","7","Kalakada","1","2024-04-29 12:57:39","2024-04-29 12:57:58"
"1428","7","Macherla","1","2024-04-29 12:58:00","2024-04-29 12:58:14"
"1429","7","Madakasira","1","2024-04-29 12:58:25","2024-04-29 12:58:38"
"1430","7","Mangalagiri","1","2024-04-29 12:58:40","2024-04-29 12:58:56"
"1431","7","Nuzvid","1","2024-04-29 12:58:57","2024-04-29 12:59:12"
"1432","7","Palamaner","1","2024-04-29 12:59:13","2024-04-29 12:59:29"
"1433","7","Palasa Kasibugga","1","2024-04-29 12:59:31","2024-04-29 12:59:43"
"1434","7","Penukonda","1","2024-04-29 12:59:45","2024-04-29 13:00:00"
"1435","7","Pithapuram","1","2024-04-29 13:00:02","2024-04-29 13:00:13"
"1436","7","Porumamilla","1","2024-04-29 13:00:16","2024-04-29 13:00:39"
"1437","7","Rajam","1","2024-04-29 13:00:41","2024-04-29 13:00:51"
"1438","7","Sattenapalle","1","2024-04-29 13:01:00","2024-04-29 13:01:14"
"1439","7","Tekkali","1","2024-04-29 13:01:16","2024-04-29 13:01:27"
"1440","7","Tenali","2","2024-04-29 13:01:30","2024-04-29 13:01:40"
"1441","7","Udayagiri","1","2024-04-29 13:01:42","2024-04-29 13:02:14"
"1442","7","Urvakonda","1","2024-04-29 13:02:21","2024-04-29 13:02:37"
"1443","7","Vinjamur","1","2024-04-29 13:02:39","2024-04-29 13:03:15"
"1444","7","Nandigama","1","2024-04-29 17:13:46","2024-04-29 17:14:09"
"1445","7","Narpala","1","2024-04-29 17:16:04","2024-04-29 17:16:12"
"1447","26","Panchkula","1","2021-08-02 10:38:19","2021-08-02 10:38:19"
"1448","12","Margao","1","2021-08-02 10:38:19","2021-08-02 10:38:19"
"1449","6","Kirti Nagar","1","2016-02-05 00:00:00","2016-02-05 00:00:00"
"1450","13","Aravalli
","1","2016-02-05 00:00:00","2021-07-06 08:19:17"
"1451","17","Shimoga","1","2016-02-05 00:00:00","2016-02-05 00:00:00"
"1452","25","Sundergarh","1","2016-02-05 00:00:00","2016-02-05 00:00:00"
"1453","34","Parganas","1","2016-02-05 00:00:00","2016-02-05 00:00:00"
"1454","10","Purnia","1","2016-02-05 00:00:00","2016-02-05 00:00:00"
"1455","20","Yavatmal","1","2016-02-05 00:00:00","2016-02-05 00:00:00"
"1456","25","Bhawanipatna","1","2023-04-11 09:35:55","2023-04-11 09:35:55"
"1458","7","Ravulapalem","1","2023-04-11 09:35:55","2023-04-11 09:35:55"
"1460","20","Daund","1","2023-04-11 09:35:55","2023-04-11 09:35:55"
"1461","25","Sambalpur","1","2023-04-11 09:35:55","2023-04-11 09:35:55"
"1462","10","Udwant Nagar","1","2023-04-11 09:35:55","2023-04-11 09:35:55"
"1463","25","Balangir","1","2023-04-11 09:35:55","2023-04-11 09:35:55"
"1464","10","Sitamarhi","1","2023-04-11 09:35:55","2023-04-11 09:35:55"
"1465","13","Godhra","1","2023-04-11 09:35:55","2023-04-11 09:35:55"
"1466","18","kozhikode","1","2023-04-11 09:35:55","2023-04-11 09:35:55"
"1467","13","Anand","1","2023-04-11 09:35:55","2023-04-11 09:35:55"
"1468","5","Panchkula","1","2023-04-11 09:35:55","2023-04-11 09:35:55"
"1469","25","Nabarangpur","1","2023-04-11 09:35:55","2023-04-11 09:35:55"
"1470","34","Mathabhanga","1","2023-04-11 09:35:55","2023-04-11 09:35:55"
"1471","17","Gundlupete","1","2023-04-11 09:35:55","2023-04-11 09:35:55"
"1472","34","Khardaha","1","2023-04-11 09:35:55","2023-04-11 09:35:55"
"1473","10","FORBESGAN","1","2023-04-11 09:35:55","2023-04-11 09:35:55"
"1474","25","Balesore","1","2023-04-11 09:35:55","2023-04-11 09:35:55"
"1476","13","Banaskantha","1","2023-04-11 09:35:55","2023-04-11 09:35:55"
"1477","22","West Garo Hills","1","2023-04-11 09:35:55","2023-04-11 09:35:55"
"1478","17","Hassan","1","2023-04-11 09:35:55","2023-04-11 09:35:55"
"1479","32","Raebareli","1","2023-04-11 09:35:55","2023-04-11 09:35:55"
"1480","18","Palakkad","1","2023-04-11 09:35:55","2023-04-11 09:35:55"
"1481","34","Medinipur","1","2023-04-11 09:35:55","2023-04-11 09:35:55"
"1482","25","Baripada","1","2024-04-29 12:55:06","2024-04-29 12:55:23"
"1483","25","Jeypore","1","2024-04-29 12:55:06","2024-04-29 12:55:23"
"1484","13","JUNAGADH","1","2016-02-05 00:00:00","2016-02-05 00:00:00"
"1485","20","Kalyan","1","2016-02-05 00:00:00","2016-02-05 00:00:00"
