product_id,Kolkata,BBSR,Guwahati,Mumbai,Patna,Ranchi,Raipur,Lucknow,Indore,Nagpur,Pune,Bangalore,Hubli,Goa,Hyderabad,Gujarat,Chennai,Coimbatore,Kochi,Delhi,Gurgaon,Haryana,Ghaziabad,Ludhiana,Rajasthan,Uttarakhand
rpnseu7b67um15dtmxhywpnl,1535,1525,1600,1625,1585,1585,1630,1610,1620,1650,1635,1563,1550,1565,1575,1624,1568,1581,1564,1528,1575,1575,1585,1596,1608,1596
a6j2lqggjlwmcvyh1hd5u1n2,1535,1525,1600,1625,1585,1585,1630,1610,1620,1650,1635,1563,1550,1565,1575,1624,1568,1581,1564,1528,1575,1575,1585,1596,1608,1596
d0llkmfohhz1xn3dcn8usgcf,2315,2335,2410,2375,2380,2380,2380,2390,2370,2400,2385,2313,2300,2315,2325,2374,2266,2278,2262,2226,2273,2273,2305,2306,2328,2316
p13vs8x5y78yo3aqmw1penmh,2315,2335,2410,2375,2380,2380,2380,2390,2370,2400,2385,2313,2300,2315,2325,2374,2266,2278,2262,2226,2273,2273,2305,2306,2328,2316
t382ialx732rfp77j1eqgf41,2315,2335,2410,2375,2380,2380,2380,2390,2370,2400,2385,2313,2300,2315,2325,2374,2266,2278,2262,2226,2273,2273,2305,2306,2328,2316
b92konop0aof8n2sa5u9mo3i,2315,2335,2410,2375,2380,2380,2380,2390,2370,2400,2385,2313,2300,2315,2325,2374,2266,2278,2262,2226,2273,2273,2305,2306,2328,2316
rl2dz3dbnjxxvqnq9n5txh19,2315,2335,2410,2375,2380,2380,2380,2390,2370,2400,2385,2313,2300,2315,2325,2374,2266,2278,2262,2226,2273,2273,2305,2306,2328,2316
t4i1keumyze1hwciu83ydloi,2315,2335,2410,2375,2380,2380,2380,2390,2370,2400,2385,2313,2300,2315,2325,2374,2266,2278,2262,2226,2273,2273,2305,2306,2328,2316
f86p5b3vkd108njsgrn5uqp3,2315,2335,2410,2375,2380,2380,2380,2390,2370,2400,2385,2313,2300,2315,2325,2374,2266,2278,2262,2226,2273,2273,2305,2306,2328,2316
cpzet1vgm43rc0ru90q2pilw,2315,2335,2410,2375,2380,2380,2380,2390,2370,2400,2385,2313,2300,2315,2325,2374,2266,2278,2262,2226,2273,2273,2305,2306,2328,2316
xw5nweqc1did62s7uy78zzqj,2315,2335,2410,2375,2380,2380,2380,2390,2370,2400,2385,2313,2300,2315,2325,2374,2266,2278,2262,2226,2273,2273,2305,2306,2328,2316
zsrg78b5va237p1q0vqucdwm,2315,2335,2410,2375,2380,2380,2380,2390,2370,2400,2385,2313,2300,2315,2325,2374,2266,2278,2262,2226,2273,2273,2305,2306,2328,2316
xicn7fs45p81gyztlcxu35iq,2415,2435,2510,2475,2480,2480,2480,2490,2470,2500,2485,2413,2400,2415,2425,2474,2359,2371,2355,2321,2368,2368,2405,2407,2433,2416
rku3ce59w4qguxgzuuctidu0,2315,2335,2410,2375,2380,2380,2380,2390,2370,2400,2385,2313,2300,2315,2325,2374,2266,2278,2262,2226,2273,2273,2305,2306,2328,2316
p4m9fqnjyn1rnziwoljm7ipn,2315,2335,2410,2375,2380,2380,2380,2390,2370,2400,2385,2313,2300,2315,2325,2374,2266,2278,2262,2226,2273,2273,2305,2306,2328,2316
es3cei28t7sds1ctofg9f0u1,2315,2335,2410,2375,2380,2380,2380,2390,2370,2400,2385,2313,2300,2315,2325,2374,2266,2278,2262,2226,2273,2273,2305,2306,2328,2316
v12bvvs6brcxj947jti9627v,2315,2335,2410,2375,2380,2380,2380,2390,2370,2400,2385,2313,2300,2315,2325,2374,2266,2278,2262,2226,2273,2273,2305,2306,2328,2316
l6h1ofjdprertndjjr45l875,2315,2335,2410,2375,2380,2380,2380,2390,2370,2400,2385,2313,2300,2315,2325,2374,2266,2278,2262,2226,2273,2273,2305,2306,2328,2316
qu33c5g6cqqgfrexwf67xjtv,2315,2335,2410,2375,2380,2380,2380,2390,2370,2400,2385,2313,2300,2315,2325,2374,2266,2278,2262,2226,2273,2273,2305,2306,2328,2316
ovodijrldw48nbjamc20rusa,2315,2335,2410,2375,2380,2380,2380,2390,2370,2400,2385,2313,2300,2315,2325,2374,2266,2278,2262,2226,2273,2273,2305,2306,2328,2316
uusa1zl72mwh6zw5y5w8nlpi,2315,2335,2410,2375,2380,2380,2380,2390,2370,2400,2385,2313,2300,2315,2325,2374,2266,2278,2262,2226,2273,2273,2305,2306,2328,2316
ralwqfuwj8go0cqj2re4lul4,2315,2335,2410,2375,2380,2380,2380,2390,2370,2400,2385,2313,2300,2315,2325,2374,2266,2278,2262,2226,2273,2273,2305,2306,2328,2316
ihr9acwfcp7equs2uhps7tm8,2315,2335,2410,2375,2380,2380,2380,2390,2370,2400,2385,2313,2300,2315,2325,2374,2266,2278,2262,2226,2273,2273,2305,2306,2328,2316
j63rnkdjrx5yvwuicr1inqh8,2315,2335,2410,2375,2380,2380,2380,2390,2370,2400,2385,2313,2300,2315,2325,2374,2266,2278,2262,2226,2273,2273,2305,2306,2328,2316
ib04h6svppwkpae15wb3sjmo,2315,2335,2410,2375,2380,2380,2380,2390,2370,2400,2385,2313,2300,2315,2325,2374,2266,2278,2262,2226,2273,2273,2305,2306,2328,2316
nfbhi0goqjl0i08w9nm9kvtm,2315,2335,2410,2375,2380,2380,2380,2390,2370,2400,2385,2313,2300,2315,2325,2374,2266,2278,2262,2226,2273,2273,2305,2306,2328,2316
srpebmdd8andtfy8bl3w6p75,2315,2335,2410,2375,2380,2380,2380,2390,2370,2400,2385,2313,2300,2315,2325,2374,2266,2278,2262,2226,2273,2273,2305,2306,2328,2316
gez6odbg8adhvdz7lxs5plxj,2315,2335,2410,2375,2380,2380,2380,2390,2370,2400,2385,2313,2300,2315,2325,2374,2266,2278,2262,2226,2273,2273,2305,2306,2328,2316
vjviqyekam33kz8uepy54u0h,2315,2335,2410,2375,2380,2380,2380,2390,2370,2400,2385,2313,2300,2315,2325,2374,2266,2278,2262,2226,2273,2273,2305,2306,2328,2316
qtsx628x1pvwrvxtbhdusvnm,2315,2335,2410,2375,2380,2380,2380,2390,2370,2400,2385,2313,2300,2315,2325,2374,2266,2278,2262,2226,2273,2273,2305,2306,2328,2316
mv5byr4man3agi12fh1w2qhu,2415,2435,2510,2475,2480,2480,2480,2490,2470,2500,2485,2413,2400,2415,2425,2474,2359,2371,2355,2321,2368,2368,2405,2407,2433,2416
hehn2nrcb0hbafgxnryd2oib,2415,2435,2510,2475,2480,2480,2480,2490,2470,2500,2485,2413,2400,2415,2425,2474,2359,2371,2355,2321,2368,2368,2405,2407,2433,2416
knk4pndfwkle6c6yhnm76nu7,2415,2435,2510,2475,2480,2480,2480,2490,2470,2500,2485,2413,2400,2415,2425,2474,2359,2371,2355,2321,2368,2368,2405,2407,2433,2416
a40urkpyngswbvspde89bv51,2415,2435,2510,2475,2480,2480,2480,2490,2470,2500,2485,2413,2400,2415,2425,2474,2359,2371,2355,2321,2368,2368,2405,2407,2433,2416
z5o4ib8gy2mvr02yp1m8q3u3,2415,2435,2510,2475,2480,2480,2480,2490,2470,2500,2485,2413,2400,2415,2425,2474,2359,2371,2355,2321,2368,2368,2405,2407,2433,2416
vjv4d0tv9hpc4q11hkdus2d5,2415,2435,2510,2475,2480,2480,2480,2490,2470,2500,2485,2413,2400,2415,2425,2474,2359,2371,2355,2321,2368,2368,2405,2407,2433,2416
r8m2xfei7ucdjsszy2u0dmzv,2415,2435,2510,2475,2480,2480,2480,2490,2470,2500,2485,2413,2400,2415,2425,2474,2359,2371,2355,2321,2368,2368,2405,2407,2433,2416
h9lnma5pyh2lxozdnlvun8ug,2415,2435,2510,2475,2480,2480,2480,2490,2470,2500,2485,2413,2400,2415,2425,2474,2359,2371,2355,2321,2368,2368,2405,2407,2433,2416
bfua4a5s04wx89pcepgzygbr,2315,2335,2410,2375,2380,2380,2380,2390,2370,2400,2385,2313,2300,2315,2325,2374,2266,2278,2262,2226,2273,2273,2305,2306,2328,2316
ungv49p69drg9ppdvxunqtal,2315,2335,2410,2375,2380,2380,2380,2390,2370,2400,2385,2313,2300,2315,2325,2374,2266,2278,2262,2226,2273,2273,2305,2306,2328,2316
y0trzzt60ujau9ysswh8aqoj,2315,2335,2410,2375,2380,2380,2380,2390,2370,2400,2385,2313,2300,2315,2325,2374,2266,2278,2262,2226,2273,2273,2305,2306,2328,2316
noybopd9lasbvrag3l0m54ea,2315,2335,2410,2375,2380,2380,2380,2390,2370,2400,2385,2313,2300,2315,2325,2374,2266,2278,2262,2226,2273,2273,2305,2306,2328,2316
lr0fvw09szd4bar4q8vbw687,2315,2335,2410,2375,2380,2380,2380,2390,2370,2400,2385,2313,2300,2315,2325,2374,2266,2278,2262,2226,2273,2273,2305,2306,2328,2316
zkggjdudbozb7c6zx2wyv3bc,2315,2335,2410,2375,2380,2380,2380,2390,2370,2400,2385,2313,2300,2315,2325,2374,2266,2278,2262,2226,2273,2273,2305,2306,2328,2316
ephma7cyj52hruhywphkootd,2315,2335,2410,2375,2380,2380,2380,2390,2370,2400,2385,2313,2300,2315,2325,2374,2266,2278,2262,2226,2273,2273,2305,2306,2328,2316
k1wuez3wp1hfr9vkuo77bx50,2315,2335,2410,2375,2380,2380,2380,2390,2370,2400,2385,2313,2300,2315,2325,2374,2266,2278,2262,2226,2273,2273,2305,2306,2328,2316
v1yp0m8pfro0p6dvbapurf9w,2315,2335,2410,2375,2380,2380,2380,2390,2370,2400,2385,2313,2300,2315,2325,2374,2266,2278,2262,2226,2273,2273,2305,2306,2328,2316
q97orztodl8kztb1nbhul79l,2315,2335,2410,2375,2380,2380,2380,2390,2370,2400,2385,2313,2300,2315,2325,2374,2266,2278,2262,2226,2273,2273,2305,2306,2328,2316
ps4kpn70vy6o4e6pphutslwj,1795,1795,1870,1875,1850,1850,1880,1870,1870,1900,1885,1813,1800,1815,1825,1874,1801,1814,1796,1760,1808,1808,1825,1832,1848,1836
um5mrxqz6y9t6ax9aikvi3u3,1795,1795,1870,1875,1850,1850,1880,1870,1870,1900,1885,1813,1800,1815,1825,1874,1801,1814,1796,1760,1808,1808,1825,1832,1848,1836
hp44uvn032bfzmd32m4mbned,1795,1795,1870,1875,1850,1850,1880,1870,1870,1900,1885,1813,1800,1815,1825,1874,1801,1814,1796,1760,1808,1808,1825,1832,1848,1836
oll652oenuq1vur01jo6zc10,1795,1795,1870,1875,1850,1850,1880,1870,1870,1900,1885,1813,1800,1815,1825,1874,1801,1814,1796,1760,1808,1808,1825,1832,1848,1836
v8cbh03wxdlkgq11zp0sn4o6,1795,1795,1870,1875,1850,1850,1880,1870,1870,1900,1885,1813,1800,1815,1825,1874,1801,1814,1796,1760,1808,1808,1825,1832,1848,1836
efjje9tob54d3gah76c512m5,1795,1795,1870,1875,1850,1850,1880,1870,1870,1900,1885,1813,1800,1815,1825,1874,1801,1814,1796,1760,1808,1808,1825,1832,1848,1836
x630b4moknbus07leis5r72r,1795,1795,1870,1875,1850,1850,1880,1870,1870,1900,1885,1813,1800,1815,1825,1874,1801,1814,1796,1760,1808,1808,1825,1832,1848,1836
jk3t0c0yd547gbjw86dku0rd,1895,1895,1970,1975,1950,1950,1980,1970,1970,2000,1985,1913,1900,1915,1925,1974,1894,1907,1890,1855,1902,1902,1925,1932,1953,1936
xl8qa2j8oodeaif2nlkzhc0s,1795,1795,1870,1875,1850,1850,1880,1870,1870,1900,1885,1813,1800,1815,1825,1874,1801,1814,1796,1760,1808,1808,1825,1832,1848,1836
ontg2qvd980h5n11wolmamb7,1795,1795,1870,1875,1850,1850,1880,1870,1870,1900,1885,1813,1800,1815,1825,1874,1801,1814,1796,1760,1808,1808,1825,1832,1848,1836
hg1zwiwvswjo2e4w21wng1ve,1795,1795,1870,1875,1850,1850,1880,1870,1870,1900,1885,1813,1800,1815,1825,1874,1801,1814,1796,1760,1808,1808,1825,1832,1848,1836
jsad712u2m8ewzrlfxdii3h6,1795,1795,1870,1875,1850,1850,1880,1870,1870,1900,1885,1813,1800,1815,1825,1874,1801,1814,1796,1760,1808,1808,1825,1832,1848,1836
ya3zm6dcwxrt6ac7z7k979zh,1795,1795,1870,1875,1850,1850,1880,1870,1870,1900,1885,1813,1800,1815,1825,1874,1801,1814,1796,1760,1808,1808,1825,1832,1848,1836
fj8skmivvvk7zi33qpvm31aq,1795,1795,1870,1875,1850,1850,1880,1870,1870,1900,1885,1813,1800,1815,1825,1874,1801,1814,1796,1760,1808,1808,1825,1832,1848,1836
i7w4a8aeu5pfdhx4gi0z093a,2575,2605,2680,2625,2645,2645,2630,2650,2620,2650,2635,2563,2550,2565,2575,2624,2498,2511,2495,2459,2506,2506,2545,2543,2568,2556
de9e5wmqeg8txd1pcl2b4clo,2575,2605,2680,2625,2645,2645,2630,2650,2620,2650,2635,2563,2550,2565,2575,2624,2498,2511,2495,2459,2506,2506,2545,2543,2568,2556
kbky1f82t221ao13s79c5icm,2575,2605,2680,2625,2645,2645,2630,2650,2620,2650,2635,2563,2550,2565,2575,2624,2498,2511,2495,2459,2506,2506,2545,2543,2568,2556
kpc19exsqi9yk753pjlkab84,2575,2605,2680,2625,2645,2645,2630,2650,2620,2650,2635,2563,2550,2565,2575,2624,2498,2511,2495,2459,2506,2506,2545,2543,2568,2556
r1n0ti7hkl43nvnvh7rm4g1q,2575,2605,2680,2625,2645,2645,2630,2650,2620,2650,2635,2563,2550,2565,2575,2624,2498,2511,2495,2459,2506,2506,2545,2543,2568,2556
n42s0t1zbsb9bh3y2ey45icl,2575,2605,2680,2625,2645,2645,2630,2650,2620,2650,2635,2563,2550,2565,2575,2624,2498,2511,2495,2459,2506,2506,2545,2543,2568,2556
xxs7koq564hhl91jddr5qi47,2575,2605,2680,2625,2645,2645,2630,2650,2620,2650,2635,2563,2550,2565,2575,2624,2498,2511,2495,2459,2506,2506,2545,2543,2568,2556
xz4wiwvbg9xdrt2ba95a28w5,2575,2605,2680,2625,2645,2645,2630,2650,2620,2650,2635,2563,2550,2565,2575,2624,2498,2511,2495,2459,2506,2506,2545,2543,2568,2556
eq3tajtlbenxw5qp9tb19r05,2575,2605,2680,2625,2645,2645,2630,2650,2620,2650,2635,2563,2550,2565,2575,2624,2498,2511,2495,2459,2506,2506,2545,2543,2568,2556
t2mk1kuu0iffe0lm1s3uppsl,1795,1795,1870,1875,1850,1850,1880,1870,1870,1900,1885,1813,1800,1815,1825,1874,1801,1814,1796,1760,1808,1808,1825,1832,1848,1836
yp0ao70gyktyhla4iq3cpn0w,1795,1795,1870,1875,1850,1850,1880,1870,1870,1900,1885,1813,1800,1815,1825,1874,1801,1814,1796,1760,1808,1808,1825,1832,1848,1836
botivxpuxqryvvhxalagjhxq,1795,1795,1870,1875,1850,1850,1880,1870,1870,1900,1885,1813,1800,1815,1825,1874,1801,1814,1796,1760,1808,1808,1825,1832,1848,1836
khlefhq5i9ixleyk7tayzb3x,1795,1795,1870,1875,1850,1850,1880,1870,1870,1900,1885,1813,1800,1815,1825,1874,1801,1814,1796,1760,1808,1808,1825,1832,1848,1836
jmbwdrx6xzfrwzkyysu2gvu5,1795,1795,1870,1875,1850,1850,1880,1870,1870,1900,1885,1813,1800,1815,1825,1874,1801,1814,1796,1760,1808,1808,1825,1832,1848,1836
y145a8in7fn6voo1lxa2tegs,1795,1795,1870,1875,1850,1850,1880,1870,1870,1900,1885,1813,1800,1815,1825,1874,1801,1814,1796,1760,1808,1808,1825,1832,1848,1836
krfi37tczf7q8mhuqp4yqg77,1795,1795,1870,1875,1850,1850,1880,1870,1870,1900,1885,1813,1800,1815,1825,1874,1801,1814,1796,1760,1808,1808,1825,1832,1848,1836
jmvp9mbgo52ajh4a58jcka1l,1535,1525,1600,1625,1585,1585,1630,1610,1620,1650,1635,1563,1550,1565,1575,1624,1568,1581,1564,1528,1575,1575,1585,1596,1608,1596
xlg82x2s0lqc4xyvjv6a1riq,1535,1525,1600,1625,1585,1585,1630,1610,1620,1650,1635,1563,1550,1565,1575,1624,1568,1581,1564,1528,1575,1575,1585,1596,1608,1596
fcx18jwk6bp8zofyvy3383cc,1535,1525,1600,1625,1585,1585,1630,1610,1620,1650,1635,1563,1550,1565,1575,1624,1568,1581,1564,1528,1575,1575,1585,1596,1608,1596
n1ieed9futapafc8zddt8cz9,1535,1525,1600,1625,1585,1585,1630,1610,1620,1650,1635,1563,1550,1565,1575,1624,1568,1581,1564,1528,1575,1575,1585,1596,1608,1596
fdtj2ke30sy284lzhdliws34,1635,1625,1700,1725,1685,1685,1730,1710,1720,1750,1735,1663,1650,1665,1675,1724,1661,1674,1657,1622,1669,1669,1685,1694,1713,1696
dxag0ym018d5mgscvd4d1704,1635,1625,1700,1725,1685,1685,1730,1710,1720,1750,1735,1663,1650,1665,1675,1724,1661,1674,1657,1622,1669,1669,1685,1694,1713,1696
zelkadkg2wru46ti93j70pte,1635,1625,1700,1725,1685,1685,1730,1710,1720,1750,1735,1663,1650,1665,1675,1724,1661,1674,1657,1622,1669,1669,1685,1694,1713,1696
dp7ow7s45mh4br1zlnmkxjyv,1535,1525,1600,1625,1585,1585,1630,1610,1620,1650,1635,1563,1550,1565,1575,1624,1568,1581,1564,1528,1575,1575,1585,1596,1608,1596
n8avm8iatmmqzd25a95pplct,1535,1525,1600,1625,1585,1585,1630,1610,1620,1650,1635,1563,1550,1565,1575,1624,1568,1581,1564,1528,1575,1575,1585,1596,1608,1596
n7p1puyp88fi3oei1v0e3fab,1535,1525,1600,1625,1585,1585,1630,1610,1620,1650,1635,1563,1550,1565,1575,1624,1568,1581,1564,1528,1575,1575,1585,1596,1608,1596
xrig6o58k1s2mzv8fibt8cp6,1535,1525,1600,1625,1585,1585,1630,1610,1620,1650,1635,1563,1550,1565,1575,1624,1568,1581,1564,1528,1575,1575,1585,1596,1608,1596
xe5eu19pichx5atj02nu1cds,1535,1525,1600,1625,1585,1585,1630,1610,1620,1650,1635,1563,1550,1565,1575,1624,1568,1581,1564,1528,1575,1575,1585,1596,1608,1596
e9a8hyytcbo2vr1um9n1bu8u,1535,1525,1600,1625,1585,1585,1630,1610,1620,1650,1635,1563,1550,1565,1575,1624,1568,1581,1564,1528,1575,1575,1585,1596,1608,1596
rjsdi1n2947fst2hy55gok6m,1535,1525,1600,1625,1585,1585,1630,1610,1620,1650,1635,1563,1550,1565,1575,1624,1568,1581,1564,1528,1575,1575,1585,1596,1608,1596
ippek45v2a3ew2q29lxgyd2s,1535,1525,1600,1625,1585,1585,1630,1610,1620,1650,1635,1563,1550,1565,1575,1624,1568,1581,1564,1528,1575,1575,1585,1596,1608,1596
e4gi0jlftrh10qqnn0z4oztm,1535,1525,1600,1625,1585,1585,1630,1610,1620,1650,1635,1563,1550,1565,1575,1624,1568,1581,1564,1528,1575,1575,1585,1596,1608,1596
cbe31uz6b9hcsfq8acxkb2u9,1535,1525,1600,1625,1585,1585,1630,1610,1620,1650,1635,1563,1550,1565,1575,1624,1568,1581,1564,1528,1575,1575,1585,1596,1608,1596
jikit1t9meljalwgf6vhhfcf,1535,1525,1600,1625,1585,1585,1630,1610,1620,1650,1635,1563,1550,1565,1575,1624,1568,1581,1564,1528,1575,1575,1585,1596,1608,1596
c25b5zzhht1iw7wofone1rua,1635,1625,1700,1725,1685,1685,1730,1710,1720,1750,1735,1663,1650,1665,1675,1724,1661,1674,1657,1622,1669,1669,1685,1694,1713,1696
zos7ijw4q8lcwex8t8iyr7oe,1450,1445,1500,1545,1480,1480,1505,1515,1520,1540,1515,1473,1450,1470,1480,1520,1474,1486,1470,1433,1480,1480,1485,1492,1502,1496
cxsgnf2zcojd87l4ksqnrxjt,1450,1445,1500,1545,1480,1480,1505,1515,1520,1540,1515,1473,1450,1470,1480,1520,1474,1486,1470,1433,1480,1480,1485,1492,1502,1496
hfkb6pf4bcatn126wjwv9a77,1450,1445,1500,1545,1480,1480,1505,1515,1520,1540,1515,1473,1450,1470,1480,1520,1474,1486,1470,1433,1480,1480,1485,1492,1502,1496
i7ax41fn2dbydq5mnbpvwhmz,1535,1525,1600,1625,1585,1585,1630,1610,1620,1650,1635,1563,1550,1565,1575,1624,1568,1581,1564,1528,1575,1575,1585,1596,1608,1596
vjvfv1hh1b6nhscs89al424d,1535,1525,1600,1625,1585,1585,1630,1610,1620,1650,1635,1563,1550,1565,1575,1624,1568,1581,1564,1528,1575,1575,1585,1596,1608,1596
sfphfiah1aexn797553mrh0q,1535,1525,1600,1625,1585,1585,1630,1610,1620,1650,1635,1563,1550,1565,1575,1624,1568,1581,1564,1528,1575,1575,1585,1596,1608,1596
mabtlnxt1jmu5l8dc5dzhz55,1535,1525,1600,1625,1585,1585,1630,1610,1620,1650,1635,1563,1550,1565,1575,1624,1568,1581,1564,1528,1575,1575,1585,1596,1608,1596
zxjfrsew2lx3mmuf7f12xh3y,1535,1525,1600,1625,1585,1585,1630,1610,1620,1650,1635,1563,1550,1565,1575,1624,1568,1581,1564,1528,1575,1575,1585,1596,1608,1596
g3c5zlmm6nel224tmotu0xov,1535,1525,1600,1625,1585,1585,1630,1610,1620,1650,1635,1563,1550,1565,1575,1624,1568,1581,1564,1528,1575,1575,1585,1596,1608,1596
kpktzcy4ryxh0tdhs0dt9k78,1635,1625,1700,1725,1685,1685,1730,1710,1720,1750,1735,1663,1650,1665,1675,1724,1661,1674,1657,1622,1669,1669,1685,1694,1713,1696
u0nc4tfwjvihc2ytg8fb058t,1635,1625,1700,1725,1685,1685,1730,1710,1720,1750,1735,1663,1650,1665,1675,1724,1661,1674,1657,1622,1669,1669,1685,1694,1713,1696
c0bni9ybgkhwxok3tvyr90j9,1535,1525,1600,1625,1585,1585,1630,1610,1620,1650,1635,1563,1550,1565,1575,1624,1568,1581,1564,1528,1575,1575,1585,1596,1608,1596
at9gcu5hblf5a6qqwja1l28w,1535,1525,1600,1625,1585,1585,1630,1610,1620,1650,1635,1563,1550,1565,1575,1624,1568,1581,1564,1528,1575,1575,1585,1596,1608,1596
daeop2czl0e5w2gf8blhckrv,1535,1525,1600,1625,1585,1585,1630,1610,1620,1650,1635,1563,1550,1565,1575,1624,1568,1581,1564,1528,1575,1575,1585,1596,1608,1596
vbkh8yo6j12i0ohyuax2vt7i,1535,1525,1600,1625,1585,1585,1630,1610,1620,1650,1635,1563,1550,1565,1575,1624,1568,1581,1564,1528,1575,1575,1585,1596,1608,1596
flcrj4fa5z9wlkdcedda190l,1535,1525,1600,1625,1585,1585,1630,1610,1620,1650,1635,1563,1550,1565,1575,1624,1568,1581,1564,1528,1575,1575,1585,1596,1608,1596
rkrunga73892gsvp61q49rzu,1535,1525,1600,1625,1585,1585,1630,1610,1620,1650,1635,1563,1550,1565,1575,1624,1568,1581,1564,1528,1575,1575,1585,1596,1608,1596
cmf886k8aqvxo88egkbkt95y,1535,1525,1600,1625,1585,1585,1630,1610,1620,1650,1635,1563,1550,1565,1575,1624,1568,1581,1564,1528,1575,1575,1585,1596,1608,1596
r6hajlgayumnpt0bys753rqz,1535,1525,1600,1625,1585,1585,1630,1610,1620,1650,1635,1563,1550,1565,1575,1624,1568,1581,1564,1528,1575,1575,1585,1596,1608,1596
czskpneru210s6jqlm0jna8r,1535,1525,1600,1625,1585,1585,1630,1610,1620,1650,1635,1563,1550,1565,1575,1624,1568,1581,1564,1528,1575,1575,1585,1596,1608,1596
rt4ucg40ah0w2hgbh0w3ruv2,1535,1525,1600,1625,1585,1585,1630,1610,1620,1650,1635,1563,1550,1565,1575,1624,1568,1581,1564,1528,1575,1575,1585,1596,1608,1596
cmw8k2zosuoc9kw4h8cr9i1x,1535,1525,1600,1625,1585,1585,1630,1610,1620,1650,1635,1563,1550,1565,1575,1624,1568,1581,1564,1528,1575,1575,1585,1596,1608,1596
fmtiar7748ubla6w0flb42yv,1535,1525,1600,1625,1585,1585,1630,1610,1620,1650,1635,1563,1550,1565,1575,1624,1568,1581,1564,1528,1575,1575,1585,1596,1608,1596
le9fkdddpyrifswm4mrq8gw2,1635,1625,1700,1725,1685,1685,1730,1710,1720,1750,1735,1663,1650,1665,1675,1724,1661,1674,1657,1622,1669,1669,1685,1694,1713,1696
losn86gjallknekgtzu5yije,1635,1625,1700,1725,1685,1685,1730,1710,1720,1750,1735,1663,1650,1665,1675,1724,1661,1674,1657,1622,1669,1669,1685,1694,1713,1696
l925q9dww7qkc7vu2exk16fx,1535,1525,1600,1625,1585,1585,1630,1610,1620,1650,1635,1563,1550,1565,1575,1624,1568,1581,1564,1528,1575,1575,1585,1596,1608,1596
iuxvjardap7kij1mintldxlb,1535,1525,1600,1625,1585,1585,1630,1610,1620,1650,1635,1563,1550,1565,1575,1624,1568,1581,1564,1528,1575,1575,1585,1596,1608,1596
gkowrtvw86uophfem9h8wi9s,1535,1525,1600,1625,1585,1585,1630,1610,1620,1650,1635,1563,1550,1565,1575,1624,1568,1581,1564,1528,1575,1575,1585,1596,1608,1596
vrtfz713qil8otn82oh2se26,1535,1525,1600,1625,1585,1585,1630,1610,1620,1650,1635,1563,1550,1565,1575,1624,1568,1581,1564,1528,1575,1575,1585,1596,1608,1596
jgupkbv38c2y4nqb0talczdm,1635,1625,1700,1725,1685,1685,1730,1710,1720,1750,1735,1663,1650,1665,1675,1724,1661,1674,1657,1622,1669,1669,1685,1694,1713,1696
qdvqokua6b9qqajza26dx1fo,1635,1625,1700,1725,1685,1685,1730,1710,1720,1750,1735,1663,1650,1665,1675,1724,1661,1674,1657,1622,1669,1669,1685,1694,1713,1696
om87u42b7hjcwhkhb0dp9frb,1635,1625,1700,1725,1685,1685,1730,1710,1720,1750,1735,1663,1650,1665,1675,1724,1661,1674,1657,1622,1669,1669,1685,1694,1713,1696
lisoqhx65y44kywubwwaa97j,1635,1625,1700,1725,1685,1685,1730,1710,1720,1750,1735,1663,1650,1665,1675,1724,1661,1674,1657,1622,1669,1669,1685,1694,1713,1696
m89lrcyyyg8rjrqvhu9hv2ns,1635,1625,1700,1725,1685,1685,1730,1710,1720,1750,1735,1663,1650,1665,1675,1724,1661,1674,1657,1622,1669,1669,1685,1694,1713,1696
o78vr0bx1myfkdivcbvput95,1635,1625,1700,1725,1685,1685,1730,1710,1720,1750,1735,1663,1650,1665,1675,1724,1661,1674,1657,1622,1669,1669,1685,1694,1713,1696
o65x6xyvuwioratgou0wb6bf,1535,1525,1600,1625,1585,1585,1630,1610,1620,1650,1635,1563,1550,1565,1575,1624,1568,1581,1564,1528,1575,1575,1585,1596,1608,1596
e9bxhzwqbzcvw715idmlwy49,1535,1525,1600,1625,1585,1585,1630,1610,1620,1650,1635,1563,1550,1565,1575,1624,1568,1581,1564,1528,1575,1575,1585,1596,1608,1596
hipv0feymwm7tcim8ulzambg,1535,1525,1600,1625,1585,1585,1630,1610,1620,1650,1635,1563,1550,1565,1575,1624,1568,1581,1564,1528,1575,1575,1585,1596,1608,1596
a1io10csr2iewlflxxls5566,1635,1625,1700,1725,1685,1685,1730,1710,1720,1750,1735,1663,1650,1665,1675,1724,1661,1674,1657,1622,1669,1669,1685,1694,1713,1696
gdcurm3vg8cwwuti30bi4u3z,1535,1525,1600,1625,1585,1585,1630,1610,1620,1650,1635,1563,1550,1565,1575,1624,1568,1581,1564,1528,1575,1575,1585,1596,1608,1596
eky7q603ymuaxdf00hscughb,1535,1525,1600,1625,1585,1585,1630,1610,1620,1650,1635,1563,1550,1565,1575,1624,1568,1581,1564,1528,1575,1575,1585,1596,1608,1596
lgaq6gypunmj00gnxa58nrqg,1535,1525,1600,1625,1585,1585,1630,1610,1620,1650,1635,1563,1550,1565,1575,1624,1568,1581,1564,1528,1575,1575,1585,1596,1608,1596
zmc0p67a9rrxtvmqgj24x61p,1535,1525,1600,1625,1585,1585,1630,1610,1620,1650,1635,1563,1550,1565,1575,1624,1568,1581,1564,1528,1575,1575,1585,1596,1608,1596
z6mo7orku0if0066js8azy6y,1535,1525,1600,1625,1585,1585,1630,1610,1620,1650,1635,1563,1550,1565,1575,1624,1568,1581,1564,1528,1575,1575,1585,1596,1608,1596
lw9gbka3crpnadsv3q8qsto1,1535,1525,1600,1625,1585,1585,1630,1610,1620,1650,1635,1563,1550,1565,1575,1624,1568,1581,1564,1528,1575,1575,1585,1596,1608,1596
equacauyi7808tzui2bqkxyh,1535,1525,1600,1625,1585,1585,1630,1610,1620,1650,1635,1563,1550,1565,1575,1624,1568,1581,1564,1528,1575,1575,1585,1596,1608,1596
mv6lpoonmofe5jbwniztsnsz,1535,1525,1600,1625,1585,1585,1630,1610,1620,1650,1635,1563,1550,1565,1575,1624,1568,1581,1564,1528,1575,1575,1585,1596,1608,1596
csvdd1k0ms81woud9ekcin6z,1635,1625,1700,1725,1685,1685,1730,1710,1720,1750,1735,1663,1650,1665,1675,1724,1661,1674,1657,1622,1669,1669,1685,1694,1713,1696
hmtf5dzlm2whtwwirnricifu,1635,1625,1700,1725,1685,1685,1730,1710,1720,1750,1735,1663,1650,1665,1675,1724,1661,1674,1657,1622,1669,1669,1685,1694,1713,1696
unzxvgi4sh5ho11o9othgy1f,1535,1525,1600,1625,1585,1585,1630,1610,1620,1650,1635,1563,1550,1565,1575,1624,1568,1581,1564,1528,1575,1575,1585,1596,1608,1596
zc6k3mz2rrvvgso1tuq8hoez,1535,1525,1600,1625,1585,1585,1630,1610,1620,1650,1635,1563,1550,1565,1575,1624,1568,1581,1564,1528,1575,1575,1585,1596,1608,1596
t3p7tnx1zosqdg7u4ipxq4ty,1535,1525,1600,1625,1585,1585,1630,1610,1620,1650,1635,1563,1550,1565,1575,1624,1568,1581,1564,1528,1575,1575,1585,1596,1608,1596
xochzm2odebg7591e6wvie0m,1535,1525,1600,1625,1585,1585,1630,1610,1620,1650,1635,1563,1550,1565,1575,1624,1568,1581,1564,1528,1575,1575,1585,1596,1608,1596
tsi235tolp5luzebs373vh8y,1535,1525,1600,1625,1585,1585,1630,1610,1620,1650,1635,1563,1550,1565,1575,1624,1568,1581,1564,1528,1575,1575,1585,1596,1608,1596
ihzeidqaaatk0gtvpqx7l4h7,1535,1525,1600,1625,1585,1585,1630,1610,1620,1650,1635,1563,1550,1565,1575,1624,1568,1581,1564,1528,1575,1575,1585,1596,1608,1596
qf3zcconieddi5h7uwlyaw76,1535,1525,1600,1625,1585,1585,1630,1610,1620,1650,1635,1563,1550,1565,1575,1624,1568,1581,1564,1528,1575,1575,1585,1596,1608,1596
y8u25l26bvkoa6xjq9bu9677,1535,1525,1600,1625,1585,1585,1630,1610,1620,1650,1635,1563,1550,1565,1575,1624,1568,1581,1564,1528,1575,1575,1585,1596,1608,1596
edzs4k8qz0fqstquucztedux,1535,1525,1600,1625,1585,1585,1630,1610,1620,1650,1635,1563,1550,1565,1575,1624,1568,1581,1564,1528,1575,1575,1585,1596,1608,1596
bwn0gx22ofy4pdmaimf345qh,1535,1525,1600,1625,1585,1585,1630,1610,1620,1650,1635,1563,1550,1565,1575,1624,1568,1581,1564,1528,1575,1575,1585,1596,1608,1596
y3xnazssc55w3buu2bqn610p,1535,1525,1600,1625,1585,1585,1630,1610,1620,1650,1635,1563,1550,1565,1575,1624,1568,1581,1564,1528,1575,1575,1585,1596,1608,1596
gs5lfwb0vwowq2i1r2po2oo4,1535,1525,1600,1625,1585,1585,1630,1610,1620,1650,1635,1563,1550,1565,1575,1624,1568,1581,1564,1528,1575,1575,1585,1596,1608,1596
yfpzd3ooc6wvwlqd8ul1q42u,1535,1525,1600,1625,1585,1585,1630,1610,1620,1650,1635,1563,1550,1565,1575,1624,1568,1581,1564,1528,1575,1575,1585,1596,1608,1596
fdl5z6cg6iow7ud03kphnxoh,1535,1525,1600,1625,1585,1585,1630,1610,1620,1650,1635,1563,1550,1565,1575,1624,1568,1581,1564,1528,1575,1575,1585,1596,1608,1596
sm4m2m1da68zr3ycj7zoq7fd,1535,1525,1600,1625,1585,1585,1630,1610,1620,1650,1635,1563,1550,1565,1575,1624,1568,1581,1564,1528,1575,1575,1585,1596,1608,1596
sms8us55u8n2b9wins2ivzhi,1535,1525,1600,1625,1585,1585,1630,1610,1620,1650,1635,1563,1550,1565,1575,1624,1568,1581,1564,1528,1575,1575,1585,1596,1608,1596
ugyqoxgmcxf6y417cwfwixti,1535,1525,1600,1625,1585,1585,1630,1610,1620,1650,1635,1563,1550,1565,1575,1624,1568,1581,1564,1528,1575,1575,1585,1596,1608,1596
xzbdp32h8uuole8jbdv95oco,1810,1800,1900,1900,1865,1865,1910,1890,1920,1950,1935,1833,1810,1830,1845,1905,1829,1842,1825,1802,1849,1849,1870,1874,1889,1881
rjo1o5h0yujabq5udg64hqmj,1810,1800,1900,1900,1865,1865,1910,1890,1920,1950,1935,1833,1810,1830,1845,1905,1829,1842,1825,1802,1849,1849,1870,1874,1889,1881
zfabdxd593dj30gxesxwday2,1710,1700,1800,1800,1765,1765,1810,1790,1820,1850,1835,1733,1710,1730,1745,1805,1736,1749,1732,1707,1755,1755,1770,1775,1789,1781
ugexb930gs2kmz7h580zbom8,1710,1700,1800,1800,1765,1765,1810,1790,1820,1850,1835,1733,1710,1730,1745,1805,1736,1749,1732,1707,1755,1755,1770,1775,1789,1781
iyfyturfaln8vp56wbqm4p69,1710,1700,1800,1800,1765,1765,1810,1790,1820,1850,1835,1733,1710,1730,1745,1805,1736,1749,1732,1707,1755,1755,1770,1775,1789,1781
wavbnl0mwogk53uk8slx5wzn,1710,1700,1800,1800,1765,1765,1810,1790,1820,1850,1835,1733,1710,1730,1745,1805,1736,1749,1732,1707,1755,1755,1770,1775,1789,1781
vml98ikg2bfvtiylr0xqzfpg,1710,1700,1800,1800,1765,1765,1810,1790,1820,1850,1835,1733,1710,1730,1745,1805,1736,1749,1732,1707,1755,1755,1770,1775,1789,1781
i4sw1klnghoo4tnau5hcjzec,1710,1700,1800,1800,1765,1765,1810,1790,1820,1850,1835,1733,1710,1730,1745,1805,1736,1749,1732,1707,1755,1755,1770,1775,1789,1781
eesseywgsb5vu8effwp52emd,1710,1700,1800,1800,1765,1765,1810,1790,1820,1850,1835,1733,1710,1730,1745,1805,1736,1749,1732,1707,1755,1755,1770,1775,1789,1781
w8kqu0nqp0ne2weg4s0psyqs,1710,1700,1800,1800,1765,1765,1810,1790,1820,1850,1835,1733,1710,1730,1745,1805,1736,1749,1732,1707,1755,1755,1770,1775,1789,1781
l7hwkp77pzhn05zq7untwe9x,1710,1700,1800,1800,1765,1765,1810,1790,1820,1850,1835,1733,1710,1730,1745,1805,1736,1749,1732,1707,1755,1755,1770,1775,1789,1781
uzjyunmfwt92111xj8queg45,1710,1700,1800,1800,1765,1765,1810,1790,1820,1850,1835,1733,1710,1730,1745,1805,1736,1749,1732,1707,1755,1755,1770,1775,1789,1781
ctddj9u360b4570u063769td,1710,1700,1800,1800,1765,1765,1810,1790,1820,1850,1835,1733,1710,1730,1745,1805,1736,1749,1732,1707,1755,1755,1770,1775,1789,1781
ggudj4wuae1hcywpzpz9as3w,1710,1700,1800,1800,1765,1765,1810,1790,1820,1850,1835,1733,1710,1730,1745,1805,1736,1749,1732,1707,1755,1755,1770,1775,1789,1781
scu6gyl48yiu94pzuo4x3d64,1710,1700,1800,1800,1765,1765,1810,1790,1820,1850,1835,1733,1710,1730,1745,1805,1736,1749,1732,1707,1755,1755,1770,1775,1789,1781
rv0tbkuzwoad1gam1o2ey8ep,1810,1800,1900,1900,1865,1865,1910,1890,1920,1950,1935,1833,1810,1830,1845,1905,1829,1842,1825,1802,1849,1849,1870,1874,1889,1881
hdn3732p7wtnbdir6eidq3oe,1710,1700,1800,1800,1765,1765,1810,1790,1820,1850,1835,1733,1710,1730,1745,1805,1736,1749,1732,1707,1755,1755,1770,1775,1789,1781
a53nr7ywrj4twyongofj7kuw,1710,1700,1800,1800,1765,1765,1810,1790,1820,1850,1835,1733,1710,1730,1745,1805,1736,1749,1732,1707,1755,1755,1770,1775,1789,1781
djl3db2vp7l14rwe44qo7x45,1710,1700,1800,1800,1765,1765,1810,1790,1820,1850,1835,1733,1710,1730,1745,1805,1736,1749,1732,1707,1755,1755,1770,1775,1789,1781
b4zssx6ccpjmfwurdabi0m9h,1710,1700,1800,1800,1765,1765,1810,1790,1820,1850,1835,1733,1710,1730,1745,1805,1736,1749,1732,1707,1755,1755,1770,1775,1789,1781
rc3ja3lxs0nsfmh91lk1y25q,1710,1700,1800,1800,1765,1765,1810,1790,1820,1850,1835,1733,1710,1730,1745,1805,1736,1749,1732,1707,1755,1755,1770,1775,1789,1781
rwh0pe4vs9fx2nmx0rttt56k,2315,2335,2410,2375,2380,2380,2380,2390,2370,2400,2385,2313,2300,2315,2325,2374,2266,2278,2262,2226,2273,2273,2305,2306,2328,2316
wyaxlwjkprm8mp0ai2oyzpex,1895,1895,1970,1975,1950,1950,1980,1970,1970,2000,1985,1913,1900,1915,1925,1974,1894,1907,1890,1855,1902,1902,1925,1932,1953,1936
ma77ce8dzd4nnf2n63vvfpcw,1895,1895,1970,1975,1950,1950,1980,1970,1970,2000,1985,1913,1900,1915,1925,1974,1894,1907,1890,1855,1902,1902,1925,1932,1953,1936
x3xtkitceytqpmj1ngoi4v76,2315,2335,2410,2375,2380,2380,2380,2390,2370,2400,2385,2313,2300,2315,2325,2374,2266,2278,2262,2226,2273,2273,2305,2306,2328,2316
k98q6kz4t2zu9pbnyblbn5vu,2315,2335,2410,2375,2380,2380,2380,2390,2370,2400,2385,2313,2300,2315,2325,2374,2266,2278,2262,2226,2273,2273,2305,2306,2328,2316
xjaj7sadppmlr5431jynvhq0,2315,2335,2410,2375,2380,2380,2380,2390,2370,2400,2385,2313,2300,2315,2325,2374,2266,2278,2262,2226,2273,2273,2305,2306,2328,2316
hi28c1985p1lrizloy6yx77r,2315,2335,2410,2375,2380,2380,2380,2390,2370,2400,2385,2313,2300,2315,2325,2374,2266,2278,2262,2226,2273,2273,2305,2306,2328,2316
q19iw92mjom0z8yshcart81w,2315,2335,2410,2375,2380,2380,2380,2390,2370,2400,2385,2313,2300,2315,2325,2374,2266,2278,2262,2226,2273,2273,2305,2306,2328,2316
n7pz0vlcfqieyzfw2t5qg3sa,1795,1795,1870,1875,1850,1850,1880,1870,1870,1900,1885,1813,1800,1815,1825,1874,1801,1814,1796,1760,1808,1808,1825,1832,1848,1836
kvryov2hi7gkwri4trgpq4ph,1795,1795,1870,1875,1850,1850,1880,1870,1870,1900,1885,1813,1800,1815,1825,1874,1801,1814,1796,1760,1808,1808,1825,1832,1848,1836
e3svbt30tuov4jehm9b80hnj,1795,1795,1870,1875,1850,1850,1880,1870,1870,1900,1885,1813,1800,1815,1825,1874,1801,1814,1796,1760,1808,1808,1825,1832,1848,1836
g48f97pc64vx80cq8enp4j5a,2155,2165,2240,2225,2215,2215,2230,2230,2220,2250,2235,2163,2150,2165,2175,2224,2127,2140,2122,2088,2135,2135,2165,2168,2193,2176
b7w3l1b1o9qlughwbc6kxq4i,2055,2065,2140,2125,2115,2115,2130,2130,2120,2150,2135,2063,2050,2065,2075,2124,2034,2046,2029,1993,2041,2041,2065,2070,2088,2076
haa5mdarneg59ygi3n050ij0,2155,2165,2240,2225,2215,2215,2230,2230,2220,2250,2235,2163,2150,2165,2175,2224,2127,2140,2122,2088,2135,2135,2165,2168,2193,2176
a03oenmce6a2h8apshloqasq,2055,2065,2140,2125,2115,2115,2130,2130,2120,2150,2135,2063,2050,2065,2075,2124,2034,2046,2029,1993,2041,2041,2065,2070,2088,2076
xwnkn6aalke21hk2bn6hxccq,2055,2065,2140,2125,2115,2115,2130,2130,2120,2150,2135,2063,2050,2065,2075,2124,2034,2046,2029,1993,2041,2041,2065,2070,2088,2076
l65xloqsrmk9gs6vjaq4plch,2055,2065,2140,2125,2115,2115,2130,2130,2120,2150,2135,2063,2050,2065,2075,2124,2034,2046,2029,1993,2041,2041,2065,2070,2088,2076
bkhicjr6ym4cp2s17fy91srs,2055,2065,2140,2125,2115,2115,2130,2130,2120,2150,2135,2063,2050,2065,2075,2124,2034,2046,2029,1993,2041,2041,2065,2070,2088,2076
oeo5yqb3wyw9avypldr97l94,2155,2165,2240,2225,2215,2215,2230,2230,2220,2250,2235,2163,2150,2165,2175,2224,2127,2140,2122,2088,2135,2135,2165,2168,2193,2176
ysn81a0h276g1foydrwxs8k6,2155,2165,2240,2225,2215,2215,2230,2230,2220,2250,2235,2163,2150,2165,2175,2224,2127,2140,2122,2088,2135,2135,2165,2168,2193,2176
x5mcaqynzlwl8ikvv827nur3,2315,2335,2410,2375,2380,2380,2380,2390,2370,2400,2385,2313,2300,2315,2325,2374,2266,2278,2262,2226,2273,2273,2305,2306,2328,2316
edaa3of6lj4gy9m1i2yrkkbh,2315,2335,2410,2375,2380,2380,2380,2390,2370,2400,2385,2313,2300,2315,2325,2374,2266,2278,2262,2226,2273,2273,2305,2306,2328,2316
nv4aeoj8l26ld8gpk3y2ssr1,2315,2335,2410,2375,2380,2380,2380,2390,2370,2400,2385,2313,2300,2315,2325,2374,2266,2278,2262,2226,2273,2273,2305,2306,2328,2316
okp15svjswzqqrmq8udposdc,1795,1795,1870,1875,1850,1850,1880,1870,1870,1900,1885,1813,1800,1815,1825,1874,1801,1814,1796,1760,1808,1808,1825,1832,1848,1836
h925m5lr42eo0dr2mul6oqbp,1795,1795,1870,1875,1850,1850,1880,1870,1870,1900,1885,1813,1800,1815,1825,1874,1801,1814,1796,1760,1808,1808,1825,1832,1848,1836
zmeqajupec2dr1h6bv5c247u,1795,1795,1870,1875,1850,1850,1880,1870,1870,1900,1885,1813,1800,1815,1825,1874,1801,1814,1796,1760,1808,1808,1825,1832,1848,1836
cnw5628ids59cwhevymllh2j,1895,1895,1970,1975,1950,1950,1980,1970,1970,2000,1985,1913,1900,1915,1925,1974,1894,1907,1890,1855,1902,1902,1925,1932,1953,1936
ycvp7athhlwr9uoua6ddo3tf,1795,1795,1870,1875,1850,1850,1880,1870,1870,1900,1885,1813,1800,1815,1825,1874,1801,1814,1796,1760,1808,1808,1825,1832,1848,1836
p1s9bzpvcjzsx7k4l4m9tr22,1795,1795,1870,1875,1850,1850,1880,1870,1870,1900,1885,1813,1800,1815,1825,1874,1801,1814,1796,1760,1808,1808,1825,1832,1848,1836
g8to39phzzu3546k5v8fldji,1895,1895,1970,1975,1950,1950,1980,1970,1970,2000,1985,1913,1900,1915,1925,1974,1894,1907,1890,1855,1902,1902,1925,1932,1953,1936
q7xyajkk34j5ua0luj1uiwvf,1895,1895,1970,1975,1950,1950,1980,1970,1970,2000,1985,1913,1900,1915,1925,1974,1894,1907,1890,1855,1902,1902,1925,1932,1953,1936
oit70oz0eq8e2t9funfmu7ai,1895,1895,1970,1975,1950,1950,1980,1970,1970,2000,1985,1913,1900,1915,1925,1974,1894,1907,1890,1855,1902,1902,1925,1932,1953,1936
gd2rz637zlffymlwfljgytod,1895,1895,1970,1975,1950,1950,1980,1970,1970,2000,1985,1913,1900,1915,1925,1974,1894,1907,1890,1855,1902,1902,1925,1932,1953,1936
vnkll1p4i39bzo9n2mhh1sry,1795,1795,1870,1875,1850,1850,1880,1870,1870,1900,1885,1813,1800,1815,1825,1874,1801,1814,1796,1760,1808,1808,1825,1832,1848,1836
oaay87wzxtqll9x2qwzi85cv,1795,1795,1870,1875,1850,1850,1880,1870,1870,1900,1885,1813,1800,1815,1825,1874,1801,1814,1796,1760,1808,1808,1825,1832,1848,1836
o0qg4n0ec5jvrae02o7f8pwq,1795,1795,1870,1875,1850,1850,1880,1870,1870,1900,1885,1813,1800,1815,1825,1874,1801,1814,1796,1760,1808,1808,1825,1832,1848,1836
obbance6ebzttup325xwwo7a,1895,1895,1970,1975,1950,1950,1980,1970,1970,2000,1985,1913,1900,1915,1925,1974,1894,1907,1890,1855,1902,1902,1925,1932,1953,1936
rbklrqg9btwzkrsw7xnsxluo,1895,1895,1970,1975,1950,1950,1980,1970,1970,2000,1985,1913,1900,1915,1925,1974,1894,1907,1890,1855,1902,1902,1925,1932,1953,1936
q0n8dhbu92lal7l2dmu6jmx5,1795,1795,1870,1875,1850,1850,1880,1870,1870,1900,1885,1813,1800,1815,1825,1874,1801,1814,1796,1760,1808,1808,1825,1832,1848,1836
b6lboysmwf12vzha5dcrqxdp,1795,1795,1870,1875,1850,1850,1880,1870,1870,1900,1885,1813,1800,1815,1825,1874,1801,1814,1796,1760,1808,1808,1825,1832,1848,1836
i0lmx6gz5peds4ci8qjr6nsn,1795,1795,1870,1875,1850,1850,1880,1870,1870,1900,1885,1813,1800,1815,1825,1874,1801,1814,1796,1760,1808,1808,1825,1832,1848,1836
jt2sodkmfnh8uv71sveex6we,1795,1795,1870,1875,1850,1850,1880,1870,1870,1900,1885,1813,1800,1815,1825,1874,1801,1814,1796,1760,1808,1808,1825,1832,1848,1836
dp0cezgklrrgsdwsfnv6v382,1795,1795,1870,1875,1850,1850,1880,1870,1870,1900,1885,1813,1800,1815,1825,1874,1801,1814,1796,1760,1808,1808,1825,1832,1848,1836
f0dom3h3o022k8xwb0ckkwj3,1795,1795,1870,1875,1850,1850,1880,1870,1870,1900,1885,1813,1800,1815,1825,1874,1801,1814,1796,1760,1808,1808,1825,1832,1848,1836
ew9pggtjgogt1ryn5esh35c1,2055,2065,2140,2125,2115,2115,2130,2130,2120,2150,2135,2063,2050,2065,2075,2124,2034,2046,2029,1993,2041,2041,2065,2070,2088,2076
tl5jrmdvbd5nbjuq4d465twn,2055,2065,2140,2125,2115,2115,2130,2130,2120,2150,2135,2063,2050,2065,2075,2124,2034,2046,2029,1993,2041,2041,2065,2070,2088,2076
wbp4nrenu1qz9neng27j0vfz,1450,1445,1500,1545,1480,1480,1505,1515,1520,1540,1515,1473,1450,1470,1480,1520,1474,1486,1470,1433,1480,1480,1485,1492,1502,1496
b9lfljvkkyexvjwf1l38aoe0,1450,1445,1500,1545,1480,1480,1505,1515,1520,1540,1515,1473,1450,1470,1480,1520,1474,1486,1470,1433,1480,1480,1485,1492,1502,1496
qkbz0waugqdrmkb8m1gx1qne,1635,1625,1700,1725,1685,1685,1730,1710,1720,1750,1735,1663,1650,1665,1675,1724,1661,1674,1657,1622,1669,1669,1685,1694,1713,1696
qfcftwd4d4292zylr25vgzg3,1450,1445,1500,1545,1480,1480,1505,1515,1520,1540,1515,1473,1450,1470,1480,1520,1474,1486,1470,1433,1480,1480,1485,1492,1502,1496
ceog18ct2somp6ger0bl098w,1635,1625,1700,1725,1685,1685,1730,1710,1720,1750,1735,1663,1650,1665,1675,1724,1661,1674,1657,1622,1669,1669,1685,1694,1713,1696
u9cpy1ca5q09p8ffn272xisg,1635,1625,1700,1725,1685,1685,1730,1710,1720,1750,1735,1663,1650,1665,1675,1724,1661,1674,1657,1622,1669,1669,1685,1694,1713,1696
ib5p8xsjqw33tpekso4vgvvk,1450,1445,1500,1545,1480,1480,1505,1515,1520,1540,1515,1473,1450,1470,1480,1520,1474,1486,1470,1433,1480,1480,1485,1492,1502,1496
lxxkxw90cipcti0dfkbw1wwp,1535,1525,1600,1625,1585,1585,1630,1610,1620,1650,1635,1563,1550,1565,1575,1624,1568,1581,1564,1528,1575,1575,1585,1596,1608,1596
tqc3utjv3rkwd9kfojb9duv5,1535,1525,1600,1625,1585,1585,1630,1610,1620,1650,1635,1563,1550,1565,1575,1624,1568,1581,1564,1528,1575,1575,1585,1596,1608,1596
nk61gb3f0dd652iana87r7zu,1450,1445,1500,1545,1480,1480,1505,1515,1520,1540,1515,1473,1450,1470,1480,1520,1474,1486,1470,1433,1480,1480,1485,1492,1502,1496
nru3845kii7wj9co3m5wbsad,1450,1445,1500,1545,1480,1480,1505,1515,1520,1540,1515,1473,1450,1470,1480,1520,1474,1486,1470,1433,1480,1480,1485,1492,1502,1496
ui7l3mihnhz6xo3ntn0s9vh2,1450,1445,1500,1545,1480,1480,1505,1515,1520,1540,1515,1473,1450,1470,1480,1520,1474,1486,1470,1433,1480,1480,1485,1492,1502,1496
a3wfckay2xhev8d1tpb78lfq,1535,1525,1600,1625,1585,1585,1630,1610,1620,1650,1635,1563,1550,1565,1575,1624,1568,1581,1564,1528,1575,1575,1585,1596,1608,1596
cnnfj1d3oc8sgsvd66gabbk9,1535,1525,1600,1625,1585,1585,1630,1610,1620,1650,1635,1563,1550,1565,1575,1624,1568,1581,1564,1528,1575,1575,1585,1596,1608,1596
mft3en2rdu817nb73mzkx2oy,1450,1445,1500,1545,1480,1480,1505,1515,1520,1540,1515,1473,1450,1470,1480,1520,1474,1486,1470,1433,1480,1480,1485,1492,1502,1496
pwigasl2gvvio55vyxe8my5c,1535,1525,1600,1625,1585,1585,1630,1610,1620,1650,1635,1563,1550,1565,1575,1624,1568,1581,1564,1528,1575,1575,1585,1596,1608,1596
klu8ena0gvyz2mhaoeyvog3d,1535,1525,1600,1625,1585,1585,1630,1610,1620,1650,1635,1563,1550,1565,1575,1624,1568,1581,1564,1528,1575,1575,1585,1596,1608,1596
vk2x9apunxks33bq7wznc94y,1535,1525,1600,1625,1585,1585,1630,1610,1620,1650,1635,1563,1550,1565,1575,1624,1568,1581,1564,1528,1575,1575,1585,1596,1608,1596
dz1t2y67i7ls8dz44puk2ybj,1535,1525,1600,1625,1585,1585,1630,1610,1620,1650,1635,1563,1550,1565,1575,1624,1568,1581,1564,1528,1575,1575,1585,1596,1608,1596
uq8tuqmw3oa0sanpou19m2eq,1535,1525,1600,1625,1585,1585,1630,1610,1620,1650,1635,1563,1550,1565,1575,1624,1568,1581,1564,1528,1575,1575,1585,1596,1608,1596
qo32c3y82uoryjdb3gswlt5l,1450,1445,1500,1545,1480,1480,1505,1515,1520,1540,1515,1473,1450,1470,1480,1520,1474,1486,1470,1433,1480,1480,1485,1492,1502,1496
d5hswjb6nm95rhmc4348f0op,1450,1445,1500,1545,1480,1480,1505,1515,1520,1540,1515,1473,1450,1470,1480,1520,1474,1486,1470,1433,1480,1480,1485,1492,1502,1496
m68a1llpx29i0t9dhctj7vwq,1635,1625,1700,1725,1685,1685,1730,1710,1720,1750,1735,1663,1650,1665,1675,1724,1661,1674,1657,1622,1669,1669,1685,1694,1713,1696
tupgm4ka04qlt4rc082nv9ir,1450,1445,1500,1545,1480,1480,1505,1515,1520,1540,1515,1473,1450,1470,1480,1520,1474,1486,1470,1433,1480,1480,1485,1492,1502,1496
rk5bo5sfihkhb7mqqu9hf3t8,1450,1445,1500,1545,1480,1480,1505,1515,1520,1540,1515,1473,1450,1470,1480,1520,1474,1486,1470,1433,1480,1480,1485,1492,1502,1496
gn65fegjnmgyhg4bmym4112o,1535,1525,1600,1625,1585,1585,1630,1610,1620,1650,1635,1563,1550,1565,1575,1624,1568,1581,1564,1528,1575,1575,1585,1596,1608,1596
trmras6tah4sar9zgftlugy1,1535,1525,1600,1625,1585,1585,1630,1610,1620,1650,1635,1563,1550,1565,1575,1624,1568,1581,1564,1528,1575,1575,1585,1596,1608,1596
pw545pll2tg2ayckwfg71pkg,1535,1525,1600,1625,1585,1585,1630,1610,1620,1650,1635,1563,1550,1565,1575,1624,1568,1581,1564,1528,1575,1575,1585,1596,1608,1596
qwillvvg7ylc3fy9n8lk0on5,1535,1525,1600,1625,1585,1585,1630,1610,1620,1650,1635,1563,1550,1565,1575,1624,1568,1581,1564,1528,1575,1575,1585,1596,1608,1596
usc49qv3rhtt5vsf47mm9vmu,1450,1445,1500,1545,1480,1480,1505,1515,1520,1540,1515,1473,1450,1470,1480,1520,1474,1486,1470,1433,1480,1480,1485,1492,1502,1496
k7o7q71sxzousd29199g2dg5,1450,1445,1500,1545,1480,1480,1505,1515,1520,1540,1515,1473,1450,1470,1480,1520,1474,1486,1470,1433,1480,1480,1485,1492,1502,1496
cgk7cv5opu4r3v6aicoqvhbh,1450,1445,1500,1545,1480,1480,1505,1515,1520,1540,1515,1473,1450,1470,1480,1520,1474,1486,1470,1433,1480,1480,1485,1492,1502,1496
gtuur8an51hm4gfn0z0qf72i,1450,1445,1500,1545,1480,1480,1505,1515,1520,1540,1515,1473,1450,1470,1480,1520,1474,1486,1470,1433,1480,1480,1485,1492,1502,1496
y4nn06no4vhmnzndft1t8wpx,1535,1525,1600,1625,1585,1585,1630,1610,1620,1650,1635,1563,1550,1565,1575,1624,1568,1581,1564,1528,1575,1575,1585,1596,1608,1596
bhgx95jyq39v7l3avr1hn4yb,1535,1525,1600,1625,1585,1585,1630,1610,1620,1650,1635,1563,1550,1565,1575,1624,1568,1581,1564,1528,1575,1575,1585,1596,1608,1596
oih0q7ucfmoxdckwrngxgy5j,1535,1525,1600,1625,1585,1585,1630,1610,1620,1650,1635,1563,1550,1565,1575,1624,1568,1581,1564,1528,1575,1575,1585,1596,1608,1596
hugq2ljghwv8w1fk03ukbxxc,1535,1525,1600,1625,1585,1585,1630,1610,1620,1650,1635,1563,1550,1565,1575,1624,1568,1581,1564,1528,1575,1575,1585,1596,1608,1596
qj29wc8g9plq7l31r0ute92n,1535,1525,1600,1625,1585,1585,1630,1610,1620,1650,1635,1563,1550,1565,1575,1624,1568,1581,1564,1528,1575,1575,1585,1596,1608,1596
hgs5550u60wsjlpjfkxfd3dl,1635,1625,1700,1725,1685,1685,1730,1710,1720,1750,1735,1663,1650,1665,1675,1724,1661,1674,1657,1622,1669,1669,1685,1694,1713,1696
rqodaf1lcxh62szt5nd4m6mq,1535,1525,1600,1625,1585,1585,1630,1610,1620,1650,1635,1563,1550,1565,1575,1624,1568,1581,1564,1528,1575,1575,1585,1596,1608,1596
kgpkov27khsngx8p6midhx14,1450,1445,1500,1545,1480,1480,1505,1515,1520,1540,1515,1473,1450,1470,1480,1520,1474,1486,1470,1433,1480,1480,1485,1492,1502,1496
dq1ksr5tjkvuhyysp8rtdxnc,1450,1445,1500,1545,1480,1480,1505,1515,1520,1540,1515,1473,1450,1470,1480,1520,1474,1486,1470,1433,1480,1480,1485,1492,1502,1496
jv0k7v81kb0r5d8uqxeddtz0,1450,1445,1500,1545,1480,1480,1505,1515,1520,1540,1515,1473,1450,1470,1480,1520,1474,1486,1470,1433,1480,1480,1485,1492,1502,1496
w5o08e2k5ji143v6b1efjnoa,1450,1445,1500,1545,1480,1480,1505,1515,1520,1540,1515,1473,1450,1470,1480,1520,1474,1486,1470,1433,1480,1480,1485,1492,1502,1496
xq55qg09zj9xj8gmydvr3ru5,1535,1525,1600,1625,1585,1585,1630,1610,1620,1650,1635,1563,1550,1565,1575,1624,1568,1581,1564,1528,1575,1575,1585,1596,1608,1596
l42k6na5eot24c1m1t1a0xux,1450,1445,1500,1545,1480,1480,1505,1515,1520,1540,1515,1473,1450,1470,1480,1520,1474,1486,1470,1433,1480,1480,1485,1492,1502,1496
mj9wfh7pgzi1yhpk5d715woe,1535,1525,1600,1625,1585,1585,1630,1610,1620,1650,1635,1563,1550,1565,1575,1624,1568,1581,1564,1528,1575,1575,1585,1596,1608,1596
cknui253eeao5a2g0j4co3ot,1450,1445,1500,1545,1480,1480,1505,1515,1520,1540,1515,1473,1450,1470,1480,1520,1474,1486,1470,1433,1480,1480,1485,1492,1502,1496
h47cbo7oaqsyffk58omignqh,1450,1445,1500,1545,1480,1480,1505,1515,1520,1540,1515,1473,1450,1470,1480,1520,1474,1486,1470,1433,1480,1480,1485,1492,1502,1496
tn2a1tepk0vytsn5o2hndj7k,1450,1445,1500,1545,1480,1480,1505,1515,1520,1540,1515,1473,1450,1470,1480,1520,1474,1486,1470,1433,1480,1480,1485,1492,1502,1496
bqs0vxjwev60tvji7pm10dzt,1535,1525,1600,1625,1585,1585,1630,1610,1620,1650,1635,1563,1550,1565,1575,1624,1568,1581,1564,1528,1575,1575,1585,1596,1608,1596
omm2xhbanovwe6379d1vc3jo,1535,1525,1600,1625,1585,1585,1630,1610,1620,1650,1635,1563,1550,1565,1575,1624,1568,1581,1564,1528,1575,1575,1585,1596,1608,1596
dqz3ww7m8b9irt7jgxpeh6no,1635,1625,1700,1725,1685,1685,1730,1710,1720,1750,1735,1663,1650,1665,1675,1724,1661,1674,1657,1622,1669,1669,1685,1694,1713,1696
cj3bpxx00kh80on860dzdgob,1535,1525,1600,1625,1585,1585,1630,1610,1620,1650,1635,1563,1550,1565,1575,1624,1568,1581,1564,1528,1575,1575,1585,1596,1608,1596
kpbjdg4na2f0cnaabhjl3vet,1535,1525,1600,1625,1585,1585,1630,1610,1620,1650,1635,1563,1550,1565,1575,1624,1568,1581,1564,1528,1575,1575,1585,1596,1608,1596
mh65jl541igkv6l63byti0r3,1535,1525,1600,1625,1585,1585,1630,1610,1620,1650,1635,1563,1550,1565,1575,1624,1568,1581,1564,1528,1575,1575,1585,1596,1608,1596
muttffk4im6ioxsovc5hnpk7,1535,1525,1600,1625,1585,1585,1630,1610,1620,1650,1635,1563,1550,1565,1575,1624,1568,1581,1564,1528,1575,1575,1585,1596,1608,1596
qlbakn9u5r33h9aiaxans1w2,1635,1625,1700,1725,1685,1685,1730,1710,1720,1750,1735,1663,1650,1665,1675,1724,1661,1674,1657,1622,1669,1669,1685,1694,1713,1696
o5zjlb26zanblp7yzizlo0j2,1635,1625,1700,1725,1685,1685,1730,1710,1720,1750,1735,1663,1650,1665,1675,1724,1661,1674,1657,1622,1669,1669,1685,1694,1713,1696
pdb6kh24t07x7eu4w8o78zr4,1535,1525,1600,1625,1585,1585,1630,1610,1620,1650,1635,1563,1550,1565,1575,1624,1568,1581,1564,1528,1575,1575,1585,1596,1608,1596
fu3dud1b9i3fseg41b4w771m,1535,1525,1600,1625,1585,1585,1630,1610,1620,1650,1635,1563,1550,1565,1575,1624,1568,1581,1564,1528,1575,1575,1585,1596,1608,1596
y98ts4u7zsyhwsz9iocfbab1,1535,1525,1600,1625,1585,1585,1630,1610,1620,1650,1635,1563,1550,1565,1575,1624,1568,1581,1564,1528,1575,1575,1585,1596,1608,1596
b1ymiecqf1rr7isvk8vpz04n,1535,1525,1600,1625,1585,1585,1630,1610,1620,1650,1635,1563,1550,1565,1575,1624,1568,1581,1564,1528,1575,1575,1585,1596,1608,1596
uftq61ukm2kbsv3vn2ove6op,1535,1525,1600,1625,1585,1585,1630,1610,1620,1650,1635,1563,1550,1565,1575,1624,1568,1581,1564,1528,1575,1575,1585,1596,1608,1596
wp4wep9y1siloh2pn99w00k4,1535,1525,1600,1625,1585,1585,1630,1610,1620,1650,1635,1563,1550,1565,1575,1624,1568,1581,1564,1528,1575,1575,1585,1596,1608,1596
ls3zccjj14ik1zui1hvjae8v,1535,1525,1600,1625,1585,1585,1630,1610,1620,1650,1635,1563,1550,1565,1575,1624,1568,1581,1564,1528,1575,1575,1585,1596,1608,1596
mrq6ayihc9bv88d5xdka8uyv,1535,1525,1600,1625,1585,1585,1630,1610,1620,1650,1635,1563,1550,1565,1575,1624,1568,1581,1564,1528,1575,1575,1585,1596,1608,1596
yu3e1otion0otkns7shguaa4,1535,1525,1600,1625,1585,1585,1630,1610,1620,1650,1635,1563,1550,1565,1575,1624,1568,1581,1564,1528,1575,1575,1585,1596,1608,1596
cod1aebc7ow84oi2rls7yzka,1535,1525,1600,1625,1585,1585,1630,1610,1620,1650,1635,1563,1550,1565,1575,1624,1568,1581,1564,1528,1575,1575,1585,1596,1608,1596
k27ijjkd9yeklgozt39lm34x,1535,1525,1600,1625,1585,1585,1630,1610,1620,1650,1635,1563,1550,1565,1575,1624,1568,1581,1564,1528,1575,1575,1585,1596,1608,1596
z5pi19s4kj1jkw57t1ypnmjq,1535,1525,1600,1625,1585,1585,1630,1610,1620,1650,1635,1563,1550,1565,1575,1624,1568,1581,1564,1528,1575,1575,1585,1596,1608,1596
x0yjxzcri8ebrvr1oe0zosqh,1535,1525,1600,1625,1585,1585,1630,1610,1620,1650,1635,1563,1550,1565,1575,1624,1568,1581,1564,1528,1575,1575,1585,1596,1608,1596
xouc5y5jux361d9gwyj6zxf4,1535,1525,1600,1625,1585,1585,1630,1610,1620,1650,1635,1563,1550,1565,1575,1624,1568,1581,1564,1528,1575,1575,1585,1596,1608,1596
ivhf8jraaiy0bno6j1h1rbr2,1535,1525,1600,1625,1585,1585,1630,1610,1620,1650,1635,1563,1550,1565,1575,1624,1568,1581,1564,1528,1575,1575,1585,1596,1608,1596
vfoge71el1aav98x0ty0yw1v,1535,1525,1600,1625,1585,1585,1630,1610,1620,1650,1635,1563,1550,1565,1575,1624,1568,1581,1564,1528,1575,1575,1585,1596,1608,1596
wxurabk3938e8736vb2r8utc,1535,1525,1600,1625,1585,1585,1630,1610,1620,1650,1635,1563,1550,1565,1575,1624,1568,1581,1564,1528,1575,1575,1585,1596,1608,1596
zm6va4nehqu6vjrcst38ck6x,1535,1525,1600,1625,1585,1585,1630,1610,1620,1650,1635,1563,1550,1565,1575,1624,1568,1581,1564,1528,1575,1575,1585,1596,1608,1596
yi9v24kvgs5z0a7t5sbyfwzc,1535,1525,1600,1625,1585,1585,1630,1610,1620,1650,1635,1563,1550,1565,1575,1624,1568,1581,1564,1528,1575,1575,1585,1596,1608,1596
sntyl43kufdbmri6suahcdjx,1535,1525,1600,1625,1585,1585,1630,1610,1620,1650,1635,1563,1550,1565,1575,1624,1568,1581,1564,1528,1575,1575,1585,1596,1608,1596
oidscuhq5c13yom1szsn3zd8,1535,1525,1600,1625,1585,1585,1630,1610,1620,1650,1635,1563,1550,1565,1575,1624,1568,1581,1564,1528,1575,1575,1585,1596,1608,1596
e0fnmscmj0fquaxnnwerf6n8,1535,1525,1600,1625,1585,1585,1630,1610,1620,1650,1635,1563,1550,1565,1575,1624,1568,1581,1564,1528,1575,1575,1585,1596,1608,1596
u39wif3ek7by76xlhclajsqp,1535,1525,1600,1625,1585,1585,1630,1610,1620,1650,1635,1563,1550,1565,1575,1624,1568,1581,1564,1528,1575,1575,1585,1596,1608,1596
lebby18mefrayix0p3viuxux,1535,1525,1600,1625,1585,1585,1630,1610,1620,1650,1635,1563,1550,1565,1575,1624,1568,1581,1564,1528,1575,1575,1585,1596,1608,1596
jxi3bk7lly1zj8isbwn9jg5z,1535,1525,1600,1625,1585,1585,1630,1610,1620,1650,1635,1563,1550,1565,1575,1624,1568,1581,1564,1528,1575,1575,1585,1596,1608,1596
delizhsw9xaiqkbywyz56982,1535,1525,1600,1625,1585,1585,1630,1610,1620,1650,1635,1563,1550,1565,1575,1624,1568,1581,1564,1528,1575,1575,1585,1596,1608,1596
pjs4yd2jdc902fbu7fj81lep,1535,1525,1600,1625,1585,1585,1630,1610,1620,1650,1635,1563,1550,1565,1575,1624,1568,1581,1564,1528,1575,1575,1585,1596,1608,1596
hc2509te6vor5xi9se1kp58v,1535,1525,1600,1625,1585,1585,1630,1610,1620,1650,1635,1563,1550,1565,1575,1624,1568,1581,1564,1528,1575,1575,1585,1596,1608,1596
an9bqrp4lhnw0xjnhozycejb,1535,1525,1600,1625,1585,1585,1630,1610,1620,1650,1635,1563,1550,1565,1575,1624,1568,1581,1564,1528,1575,1575,1585,1596,1608,1596
hckgzk84nu5i47gyavlqtx1j,1535,1525,1600,1625,1585,1585,1630,1610,1620,1650,1635,1563,1550,1565,1575,1624,1568,1581,1564,1528,1575,1575,1585,1596,1608,1596
mmfgjm623j0g5c2kzm245mh1,1535,1525,1600,1625,1585,1585,1630,1610,1620,1650,1635,1563,1550,1565,1575,1624,1568,1581,1564,1528,1575,1575,1585,1596,1608,1596
h0v6ty0pdjhiz236aecw3mo2,1535,1525,1600,1625,1585,1585,1630,1610,1620,1650,1635,1563,1550,1565,1575,1624,1568,1581,1564,1528,1575,1575,1585,1596,1608,1596
xg68l4h1la9k5c8j677a047d,1535,1525,1600,1625,1585,1585,1630,1610,1620,1650,1635,1563,1550,1565,1575,1624,1568,1581,1564,1528,1575,1575,1585,1596,1608,1596
v0aikv723bjwqsqmejj2e1qr,1535,1525,1600,1625,1585,1585,1630,1610,1620,1650,1635,1563,1550,1565,1575,1624,1568,1581,1564,1528,1575,1575,1585,1596,1608,1596
r8vusn2alan37xfme1y791of,1535,1525,1600,1625,1585,1585,1630,1610,1620,1650,1635,1563,1550,1565,1575,1624,1568,1581,1564,1528,1575,1575,1585,1596,1608,1596
kxqd1xgcits9qfw6xmx1uboh,1535,1525,1600,1625,1585,1585,1630,1610,1620,1650,1635,1563,1550,1565,1575,1624,1568,1581,1564,1528,1575,1575,1585,1596,1608,1596
t9wu7hqb5az1jm2dha290o9u,1535,1525,1600,1625,1585,1585,1630,1610,1620,1650,1635,1563,1550,1565,1575,1624,1568,1581,1564,1528,1575,1575,1585,1596,1608,1596
cai6cdb1k3rleuve1i8y59uu,1450,1445,1500,1545,1480,1480,1505,1515,1520,1540,1515,1473,1450,1470,1480,1520,1474,1486,1470,1433,1480,1480,1485,1492,1502,1496
w5stilnwj0ve7fo2k4v3z3gv,1535,1525,1600,1625,1585,1585,1630,1610,1620,1650,1635,1563,1550,1565,1575,1624,1568,1581,1564,1528,1575,1575,1585,1596,1608,1596
upi6kqo958laitd0vharpwd8,1535,1525,1600,1625,1585,1585,1630,1610,1620,1650,1635,1563,1550,1565,1575,1624,1568,1581,1564,1528,1575,1575,1585,1596,1608,1596
px2ulfb5eab2w63zagiv7d3h,1450,1445,1500,1545,1480,1480,1505,1515,1520,1540,1515,1473,1450,1470,1480,1520,1474,1486,1470,1433,1480,1480,1485,1492,1502,1496
vbocyvcaqkrgwedhg05hu5m5,1450,1445,1500,1545,1480,1480,1505,1515,1520,1540,1515,1473,1450,1470,1480,1520,1474,1486,1470,1433,1480,1480,1485,1492,1502,1496
p7k6d3bwebd4ogwvxohcpk93,1535,1525,1600,1625,1585,1585,1630,1610,1620,1650,1635,1563,1550,1565,1575,1624,1568,1581,1564,1528,1575,1575,1585,1596,1608,1596
dkh15l61f5b4n85ojx385ulw,1450,1445,1500,1545,1480,1480,1505,1515,1520,1540,1515,1473,1450,1470,1480,1520,1474,1486,1470,1433,1480,1480,1485,1492,1502,1496
la3cw54hv0nmqga7kvlmofws,1535,1525,1600,1625,1585,1585,1630,1610,1620,1650,1635,1563,1550,1565,1575,1624,1568,1581,1564,1528,1575,1575,1585,1596,1608,1596
fsrxt6xf8v8vk0m9lpbpc9er,1535,1525,1600,1625,1585,1585,1630,1610,1620,1650,1635,1563,1550,1565,1575,1624,1568,1581,1564,1528,1575,1575,1585,1596,1608,1596
zyucsu5df2sem9c3hewu6dj2,1535,1525,1600,1625,1585,1585,1630,1610,1620,1650,1635,1563,1550,1565,1575,1624,1568,1581,1564,1528,1575,1575,1585,1596,1608,1596
yyaz6ujyok8a6tkl92oz3h1t,1535,1525,1600,1625,1585,1585,1630,1610,1620,1650,1635,1563,1550,1565,1575,1624,1568,1581,1564,1528,1575,1575,1585,1596,1608,1596
cvvp97ds5j7ffqs5p9v75h8i,1450,1445,1500,1545,1480,1480,1505,1515,1520,1540,1515,1473,1450,1470,1480,1520,1474,1486,1470,1433,1480,1480,1485,1492,1502,1496
q36c0splqf8hac9b63ja6lcr,1535,1525,1600,1625,1585,1585,1630,1610,1620,1650,1635,1563,1550,1565,1575,1624,1568,1581,1564,1528,1575,1575,1585,1596,1608,1596
lswrxzae02ikyegs1td5q5ae,1535,1525,1600,1625,1585,1585,1630,1610,1620,1650,1635,1563,1550,1565,1575,1624,1568,1581,1564,1528,1575,1575,1585,1596,1608,1596
sk9z8pjdtu07i3ze104l3a3t,1535,1525,1600,1625,1585,1585,1630,1610,1620,1650,1635,1563,1550,1565,1575,1624,1568,1581,1564,1528,1575,1575,1585,1596,1608,1596
i41ghjl4b2q41fkgpryxn3ro,1535,1525,1600,1625,1585,1585,1630,1610,1620,1650,1635,1563,1550,1565,1575,1624,1568,1581,1564,1528,1575,1575,1585,1596,1608,1596
he9yr32eo4kpp86rqcx5iuk6,1535,1525,1600,1625,1585,1585,1630,1610,1620,1650,1635,1563,1550,1565,1575,1624,1568,1581,1564,1528,1575,1575,1585,1596,1608,1596
h2a7oi8u9y7nw6bx3bqt2d9w,1450,1445,1500,1545,1480,1480,1505,1515,1520,1540,1515,1473,1450,1470,1480,1520,1474,1486,1470,1433,1480,1480,1485,1492,1502,1496
i4kv6cqekevybixo1whbtub9,1535,1525,1600,1625,1585,1585,1630,1610,1620,1650,1635,1563,1550,1565,1575,1624,1568,1581,1564,1528,1575,1575,1585,1596,1608,1596
vfcyhw1fawt1goome9r4uc1d,1535,1525,1600,1625,1585,1585,1630,1610,1620,1650,1635,1563,1550,1565,1575,1624,1568,1581,1564,1528,1575,1575,1585,1596,1608,1596
y486vdhg5qpv8ybmxh6rwemj,1450,1445,1500,1545,1480,1480,1505,1515,1520,1540,1515,1473,1450,1470,1480,1520,1474,1486,1470,1433,1480,1480,1485,1492,1502,1496
fe9uai8t1360psyocb9gxvnq,1450,1445,1500,1545,1480,1480,1505,1515,1520,1540,1515,1473,1450,1470,1480,1520,1474,1486,1470,1433,1480,1480,1485,1492,1502,1496
tu1hrenv3u7y5wxk4lx2yibz,1450,1445,1500,1545,1480,1480,1505,1515,1520,1540,1515,1473,1450,1470,1480,1520,1474,1486,1470,1433,1480,1480,1485,1492,1502,1496
cmczlpt0mgmy5wykv4vt01fu,1450,1445,1500,1545,1480,1480,1505,1515,1520,1540,1515,1473,1450,1470,1480,1520,1474,1486,1470,1433,1480,1480,1485,1492,1502,1496